H,S,V,R,G,B,bias,label
46.0,130.0,97.0,42.0,164.0,130.0,1.0,1.0
49.0,124.0,100.0,40.0,155.0,124.0,1.0,1.0
53.0,124.0,112.0,35.0,146.0,125.0,1.0,1.0
58.5,132.0,114.0,38.0,141.0,132.0,1.0,1.0
63.0,151.0,124.0,39.0,147.0,151.0,1.0,1.0
55.0,139.0,108.0,41.0,154.0,139.0,1.0,1.0
54.0,138.0,107.0,41.0,155.0,138.0,1.0,1.0
59.0,135.0,116.0,38.0,143.0,135.0,1.0,1.0
50.0,136.0,106.0,40.0,161.0,136.0,1.0,1.0
48.0,134.0,103.0,41.0,163.0,134.0,1.0,1.0
52.0,115.0,93.0,41.0,140.0,115.0,1.0,1.0
59.0,120.0,104.0,39.0,129.0,120.0,1.0,1.0
60.0,128.0,121.0,34.0,137.0,129.0,1.0,1.0
57.0,134.0,124.0,34.0,147.0,134.0,1.0,1.0
53.0,125.0,114.0,35.0,146.0,125.0,1.0,1.0
51.0,114.0,96.0,39.0,141.0,114.0,1.0,1.0
64.0,132.0,117.0,37.0,134.0,133.0,1.0,1.0
62.0,133.0,116.0,38.0,137.0,133.0,1.0,1.0
61.0,128.0,104.0,41.0,134.0,128.0,1.0,1.0
60.0,123.0,109.0,37.0,132.0,124.0,1.0,1.0
59.0,128.0,107.0,39.0,138.0,128.0,1.0,1.0
58.0,124.0,108.0,38.0,136.0,124.0,1.0,1.0
64.0,136.0,122.0,37.0,137.0,138.0,1.0,1.0
58.0,134.0,106.0,41.0,144.0,134.0,1.0,1.0
90.0,144.0,152.0,28.0,105.0,155.0,1.0,1.0
68.0,145.0,122.0,40.0,137.0,146.0,1.0,1.0
71.0,160.0,135.5,38.0,143.0,160.0,1.0,1.0
64.0,134.0,123.0,35.0,133.0,135.0,1.0,1.0
71.0,155.0,129.0,40.0,140.0,155.0,1.0,1.0
57.0,136.0,108.0,41.0,148.0,136.0,1.0,1.0
65.0,145.0,118.0,40.0,141.0,146.0,1.0,1.0
68.0,143.0,113.0,42.0,133.0,143.0,1.0,1.0
70.0,144.0,126.0,37.0,130.0,144.0,1.0,1.0
57.0,136.0,114.0,39.0,148.0,136.0,1.0,1.0
57.0,136.0,113.0,38.0,150.0,137.0,1.0,1.0
70.0,151.0,150.0,29.0,142.0,158.0,1.0,1.0
62.0,140.0,129.0,34.0,143.0,141.0,1.0,1.0
63.0,144.0,129.0,36.0,145.0,145.0,1.0,1.0
53.0,136.0,109.0,40.0,156.0,136.0,1.0,1.0
70.0,145.0,131.0,36.0,131.0,145.0,1.0,1.0
65.0,137.0,112.0,40.0,133.0,137.0,1.0,1.0
73.0,145.0,132.0,36.0,127.0,145.0,1.0,1.0
66.0,137.0,115.0,39.0,132.0,137.0,1.0,1.0
69.0,144.0,128.0,36.0,133.0,144.0,1.0,1.0
74.0,154.0,142.0,34.0,133.0,154.0,1.0,1.0
71.0,148.0,132.0,36.0,133.0,148.0,1.0,1.0
68.0,141.0,127.0,36.0,132.0,141.0,1.0,1.0
68.0,149.0,122.0,40.0,138.0,149.0,1.0,1.0
75.0,146.0,131.0,36.0,123.0,146.0,1.0,1.0
47.0,112.0,108.0,33.0,149.0,114.0,1.0,1.0
59.0,127.0,130.0,29.0,140.0,131.0,1.0,1.0
63.0,129.0,131.0,30.0,136.0,133.0,1.0,1.0
66.0,136.0,126.0,34.0,132.0,137.0,1.0,1.0
54.0,119.5,123.0,28.0,143.0,123.5,1.0,1.0
67.0,133.0,125.0,34.0,128.0,135.0,1.0,1.0
52.0,122.0,121.0,31.0,150.0,126.0,1.0,1.0
72.0,139.0,143.0,28.0,127.0,143.0,1.0,1.0
75.0,137.0,149.0,25.0,127.0,149.0,1.0,1.0
59.0,135.0,108.0,40.0,143.0,135.0,1.0,1.0
61.0,120.0,105.0,37.0,125.0,120.0,1.0,1.0
57.0,114.0,115.0,31.0,131.0,117.0,1.0,1.0
61.0,119.0,117.0,31.0,127.0,122.0,1.0,1.0
57.0,114.0,111.0,32.0,130.0,116.0,1.0,1.0
50.0,106.0,93.0,37.0,134.0,106.0,1.0,1.0
59.0,117.0,112.0,28.0,131.0,123.0,1.0,1.0
87.0,151.0,162.0,26.0,121.0,164.0,1.0,1.0
81.0,151.0,152.0,29.0,122.0,155.0,1.0,1.0
73.0,145.5,127.0,38.0,126.0,145.5,1.0,1.0
89.0,160.0,162.0,30.0,117.0,164.0,1.0,1.0
84.0,161.0,152.0,33.0,120.0,161.0,1.0,1.0
81.0,149.0,139.0,34.0,118.0,149.0,1.0,1.0
73.0,146.0,122.0,40.0,127.0,146.0,1.0,1.0
76.0,152.0,133.0,37.0,127.0,152.0,1.0,1.0
74.0,157.0,145.0,34.0,134.0,157.0,1.0,1.0
66.0,140.0,116.0,40.0,135.0,140.0,1.0,1.0
67.0,136.0,122.0,36.0,128.0,136.0,1.0,1.0
73.0,144.0,126.0,38.0,126.0,144.0,1.0,1.0
79.0,151.0,144.0,33.0,122.0,151.0,1.0,1.0
67.0,146.0,128.0,37.0,138.0,146.0,1.0,1.0
66.0,136.0,129.0,33.0,132.0,136.0,1.0,1.0
62.0,134.0,121.0,35.0,136.0,134.0,1.0,1.0
69.0,138.0,133.0,33.0,129.0,139.0,1.0,1.0
60.0,138.0,118.0,38.0,145.0,138.0,1.0,1.0
53.0,135.5,109.0,40.0,155.0,135.5,1.0,1.0
55.0,107.0,104.0,31.0,126.0,110.0,1.0,1.0
70.5,140.0,123.0,38.0,127.0,140.0,1.0,1.0
85.0,149.0,156.0,26.0,118.0,157.0,1.0,1.0
71.0,142.0,126.0,36.0,126.0,142.0,1.0,1.0
76.0,146.0,132.0,36.0,122.0,146.0,1.0,1.0
92.0,159.0,172.0,25.0,118.0,172.0,1.0,1.0
75.0,144.0,134.0,33.0,122.0,144.0,1.0,1.0
73.0,142.0,136.0,33.0,125.0,144.0,1.0,1.0
65.0,134.0,118.5,37.0,132.0,134.0,1.0,1.0
64.0,133.0,123.0,34.0,131.0,133.0,1.0,1.0
59.0,141.0,126.0,35.0,146.0,143.0,1.0,1.0
63.0,149.0,131.0,36.0,150.0,150.0,1.0,1.0
70.0,139.0,133.0,33.0,128.0,140.0,1.0,1.0
67.0,138.0,132.0,33.0,136.0,141.0,1.0,1.0
81.0,149.0,153.0,28.0,120.0,153.0,1.0,1.0
54.0,138.0,124.0,35.0,155.0,138.0,1.0,1.0
80.0,151.0,153.0,29.0,123.0,154.0,1.0,1.0
59.0,143.0,130.0,35.0,150.0,143.0,1.0,1.0
87.0,152.0,163.0,26.0,118.0,163.0,1.0,1.0
63.0,141.0,133.0,33.0,140.0,141.0,1.0,1.0
52.0,133.0,120.0,35.0,155.0,133.0,1.0,1.0
55.0,141.0,131.0,34.0,155.0,141.0,1.0,1.0
52.0,133.0,120.0,35.0,155.0,133.0,1.0,1.0
52.0,131.0,119.0,35.0,153.0,131.0,1.0,1.0
61.0,138.0,131.0,33.0,142.0,139.0,1.0,1.0
74.0,149.0,147.0,30.0,128.0,151.0,1.0,1.0
66.0,137.0,137.0,30.0,133.0,138.0,1.0,1.0
74.0,144.0,139.0,32.0,125.0,146.0,1.0,1.0
69.0,139.0,128.0,34.0,128.0,139.0,1.0,1.0
65.0,137.0,123.0,36.0,134.0,137.0,1.0,1.0
64.0,135.0,119.0,36.0,135.0,135.0,1.0,1.0
71.0,143.0,131.0,35.0,129.0,143.0,1.0,1.0
57.0,134.0,107.0,41.0,146.0,134.0,1.0,1.0
57.0,133.0,109.0,39.0,145.0,133.0,1.0,1.0
58.0,134.0,101.0,43.0,145.0,134.0,1.0,1.0
52.0,124.0,94.0,42.0,148.0,124.0,1.0,1.0
52.0,123.0,98.0,41.0,147.0,123.0,1.0,1.0
65.0,128.0,110.0,39.0,125.0,128.0,1.0,1.0
60.0,124.0,98.5,42.0,131.0,124.0,1.0,1.0
56.0,116.0,96.0,41.0,132.0,116.0,1.0,1.0
60.0,124.0,102.0,40.0,133.0,124.0,1.0,1.0
81.0,149.0,120.0,43.0,115.0,149.0,1.0,1.0
55.0,122.0,111.0,35.0,141.0,122.0,1.0,1.0
71.0,134.0,155.0,23.0,137.0,156.0,1.0,1.0
77.0,154.0,141.5,35.0,128.0,154.0,1.0,1.0
69.0,150.0,131.0,38.0,138.0,150.0,1.0,1.0
81.0,140.0,149.0,26.0,117.0,150.0,1.0,1.0
73.0,143.0,140.0,32.0,128.0,145.0,1.0,1.0
81.0,140.0,141.0,31.0,116.0,148.0,1.0,1.0
88.0,160.0,164.0,29.0,121.0,166.0,1.0,1.0
85.0,153.0,128.0,41.0,114.0,153.0,1.0,1.0
75.0,148.0,137.0,36.0,127.0,150.0,1.0,1.0
89.0,154.0,164.0,27.0,119.0,165.0,1.0,1.0
78.0,148.0,142.0,33.0,121.0,148.0,1.0,1.0
101.0,160.0,181.0,22.0,112.0,181.0,1.0,1.0
61.0,138.0,114.0,39.0,141.0,138.0,1.0,1.0
75.0,142.0,137.0,33.0,122.0,143.0,1.0,1.0
75.0,151.0,140.0,35.0,130.0,152.0,1.0,1.0
73.0,148.0,137.0,35.0,130.0,149.0,1.0,1.0
76.0,145.0,132.0,36.0,122.0,146.0,1.0,1.0
82.0,151.0,147.0,33.0,118.0,153.5,1.0,1.0
76.0,142.0,129.0,37.0,120.0,143.0,1.0,1.0
68.0,140.0,119.0,39.0,131.0,140.0,1.0,1.0
69.0,143.0,122.0,38.0,132.0,143.0,1.0,1.0
66.0,147.0,121.0,39.0,140.0,147.0,1.0,1.0
66.0,138.0,119.0,38.0,133.0,138.0,1.0,1.0
65.0,142.0,117.5,39.0,138.0,142.0,1.0,1.0
77.0,154.0,139.0,36.0,127.0,154.0,1.0,1.0
49.0,115.0,97.0,39.0,145.0,115.0,1.0,1.0
56.0,122.0,105.0,38.0,136.0,122.0,1.0,1.0
55.0,120.0,104.0,38.0,138.0,120.0,1.0,1.0
63.0,123.0,116.0,34.0,125.0,123.0,1.0,1.0
55.0,121.0,108.0,36.0,138.0,121.0,1.0,1.0
66.0,134.0,123.0,35.0,129.0,134.0,1.0,1.0
71.0,127.5,127.0,30.0,113.0,129.0,1.0,1.0
59.0,126.0,115.0,35.0,136.0,126.0,1.0,1.0
54.0,131.0,107.0,39.0,151.0,131.0,1.0,1.0
59.0,134.0,113.0,38.0,143.0,134.0,1.0,1.0
60.0,134.0,120.0,37.0,141.0,134.0,1.0,1.0
50.0,135.0,113.0,38.0,159.0,135.0,1.0,1.0
63.0,140.0,121.0,38.0,141.0,141.0,1.0,1.0
61.0,149.0,128.0,37.0,151.0,149.0,1.0,1.0
61.0,143.0,127.0,36.0,146.0,143.0,1.0,1.0
63.0,135.0,123.0,35.0,137.0,136.0,1.0,1.0
58.0,149.0,123.0,38.0,156.0,149.0,1.0,1.0
57.5,136.0,113.0,39.0,147.0,136.0,1.0,1.0
65.0,143.0,127.0,37.0,139.0,143.0,1.0,1.0
57.0,130.0,106.5,40.0,142.0,130.0,1.0,1.0
67.0,141.0,126.0,36.0,135.0,141.0,1.0,1.0
73.0,146.0,134.0,34.0,126.0,147.0,1.0,1.0
60.0,125.0,119.0,33.0,132.0,125.0,1.0,1.0
67.5,139.0,128.0,35.0,131.0,139.0,1.0,1.0
62.0,135.0,121.0,35.0,137.0,136.0,1.0,1.0
63.0,137.0,117.0,38.0,139.0,137.0,1.0,1.0
74.0,146.0,135.0,34.0,128.0,147.0,1.0,1.0
63.0,131.0,120.0,35.0,132.0,132.0,1.0,1.0
54.0,128.0,102.0,40.0,147.0,128.0,1.0,1.0
55.0,123.0,106.0,38.0,141.0,123.0,1.0,1.0
74.0,141.0,131.0,35.0,123.0,142.0,1.0,1.0
58.0,130.0,113.0,37.0,141.0,130.0,1.0,1.0
65.0,136.0,122.0,36.0,133.0,136.0,1.0,1.0
66.0,142.0,128.0,36.0,136.0,142.0,1.0,1.0
78.0,157.0,145.0,35.0,127.0,157.0,1.0,1.0
81.0,148.0,146.0,31.0,119.0,150.0,1.0,1.0
69.0,147.0,134.0,35.0,135.0,147.0,1.0,1.0
45.0,98.0,74.0,44.0,136.0,98.0,1.0,1.0
75.0,162.0,133.0,41.0,138.0,162.0,1.0,1.0
69.0,151.0,119.0,41.0,139.0,151.0,1.0,1.0
39.0,83.0,61.0,44.0,134.0,83.0,1.0,1.0
66.0,151.0,125.0,39.0,142.0,151.0,1.0,1.0
58.0,125.0,109.0,37.0,137.0,125.0,1.0,1.0
71.0,150.0,131.0,38.0,135.0,150.0,1.0,1.0
40.0,123.0,86.0,43.0,167.0,123.0,1.0,1.0
52.0,129.0,109.0,38.0,150.0,129.0,1.0,1.0
64.0,133.0,119.0,36.0,131.0,133.0,1.0,1.0
65.0,129.0,123.0,34.0,128.0,132.0,1.0,1.0
29.0,65.0,44.0,47.0,140.0,65.0,1.0,1.0
43.0,107.0,79.0,43.0,150.0,107.0,1.0,1.0
43.0,129.0,95.0,42.0,164.0,129.0,1.0,1.0
42.0,119.0,88.0,42.0,165.0,119.0,1.0,1.0
50.0,134.0,100.0,42.0,160.0,134.0,1.0,1.0
52.0,131.0,112.0,37.0,153.0,131.5,1.0,1.0
40.0,113.0,87.0,41.0,159.0,113.0,1.0,1.0
85.0,143.0,161.0,22.0,121.0,161.0,1.0,1.0
59.0,134.0,116.0,37.0,142.5,134.0,1.0,1.0
60.0,138.0,117.0,38.0,144.0,138.0,1.0,1.0
48.0,137.0,106.0,40.0,165.0,137.0,1.0,1.0
56.0,127.0,108.0,38.0,141.0,127.0,1.0,1.0
53.0,129.0,100.0,42.0,152.0,129.0,1.0,1.0
87.0,146.0,153.0,27.0,115.0,157.0,1.0,1.0
68.0,146.0,137.0,34.0,138.0,146.0,1.0,1.0
66.0,135.0,126.0,34.0,129.0,135.0,1.0,1.0
53.0,121.0,106.0,38.0,141.0,121.0,1.0,1.0
55.0,121.0,96.0,41.0,138.0,121.0,1.0,1.0
76.0,158.0,133.0,39.0,134.0,158.0,1.0,1.0
68.0,135.0,123.0,35.0,129.0,136.0,1.0,1.0
55.0,122.0,101.0,40.0,138.0,122.0,1.0,1.0
57.0,123.0,106.0,38.0,135.0,123.0,1.0,1.0
70.0,150.0,128.0,39.0,137.0,150.0,1.0,1.0
70.0,136.0,115.0,40.0,124.0,136.0,1.0,1.0
76.0,150.0,142.0,33.0,126.0,150.0,1.0,1.0
80.0,159.0,149.0,34.0,127.0,159.0,1.0,1.0
74.0,152.0,134.0,37.0,132.0,152.0,1.0,1.0
75.0,158.0,137.0,38.0,134.0,158.0,1.0,1.0
69.0,157.0,131.0,39.0,143.0,157.0,1.0,1.0
68.0,148.5,130.0,38.0,137.0,148.5,1.0,1.0
76.0,146.0,140.0,33.0,123.0,146.5,1.0,1.0
70.0,140.0,132.0,34.0,127.0,140.0,1.0,1.0
62.0,143.0,111.0,42.0,144.0,143.0,1.0,1.0
63.0,140.0,115.0,40.0,141.0,140.0,1.0,1.0
58.0,136.0,107.0,41.0,147.0,136.0,1.0,1.0
69.0,138.0,118.5,40.0,128.0,139.0,1.0,1.0
71.0,140.0,116.0,40.0,127.0,140.0,1.0,1.0
64.0,139.0,111.0,41.0,138.0,139.0,1.0,1.0
76.0,151.0,124.0,41.0,127.0,151.0,1.0,1.0
79.0,150.0,120.0,42.0,121.0,150.0,1.0,1.0
64.0,139.0,110.0,42.0,137.0,139.0,1.0,1.0
71.0,139.0,107.0,44.0,125.0,139.0,1.0,1.0
61.0,133.0,103.0,42.0,138.0,133.0,1.0,1.0
74.0,146.0,118.0,41.0,125.0,146.0,1.0,1.0
67.0,142.0,107.0,44.0,135.0,142.0,1.0,1.0
70.0,137.0,113.0,41.0,124.0,137.0,1.0,1.0
68.0,140.0,117.0,39.0,130.0,140.0,1.0,1.0
72.0,139.0,110.0,43.0,123.0,139.0,1.0,1.0
79.0,145.0,120.0,41.0,115.0,145.0,1.0,1.0
59.0,113.0,84.0,46.0,120.0,113.0,1.0,1.0
61.0,119.0,94.0,43.0,124.0,119.0,1.0,1.0
62.0,114.0,101.0,37.0,117.0,114.0,1.0,1.0
63.0,116.0,97.0,41.0,117.0,116.0,1.0,1.0
63.0,118.0,91.0,45.0,118.0,118.0,1.0,1.0
55.0,109.0,89.0,41.0,125.0,109.0,1.0,1.0
69.0,133.0,120.0,36.0,123.0,133.0,1.0,1.0
59.0,133.0,103.0,42.0,142.0,133.0,1.0,1.0
56.0,125.0,97.0,42.0,142.0,125.0,1.0,1.0
60.0,133.0,104.0,42.0,140.0,133.0,1.0,1.0
55.0,123.0,96.0,42.0,141.0,123.0,1.0,1.0
67.0,136.0,112.0,40.0,128.0,136.0,1.0,1.0
60.0,134.0,101.0,43.0,141.0,134.0,1.0,1.0
60.0,127.0,98.0,43.0,136.0,127.0,1.0,1.0
69.0,136.0,111.0,41.0,125.0,136.0,1.0,1.0
56.0,130.0,102.0,42.0,145.0,130.0,1.0,1.0
61.0,130.0,100.0,43.0,136.0,130.0,1.0,1.0
70.0,143.0,115.0,41.0,130.0,143.0,1.0,1.0
57.0,118.0,92.0,43.0,133.0,118.0,1.0,1.0
56.0,132.0,91.0,46.0,147.0,132.0,1.0,1.0
57.0,126.0,86.0,47.0,139.0,126.0,1.0,1.0
54.0,108.0,104.0,31.0,130.0,111.0,1.0,1.0
62.0,133.0,110.0,40.0,137.0,133.0,1.0,1.0
54.0,123.0,92.0,43.0,142.0,123.0,1.0,1.0
61.0,136.0,102.0,44.0,141.0,136.0,1.0,1.0
56.0,116.0,97.0,40.0,132.0,116.0,1.0,1.0
54.0,120.0,87.0,45.0,139.0,120.0,1.0,1.0
54.0,113.0,94.0,43.0,132.0,113.0,1.0,1.0
60.0,127.0,106.0,39.0,136.0,127.0,1.0,1.0
54.0,113.0,90.0,42.0,133.0,113.0,1.0,1.0
58.0,123.0,101.0,40.0,136.0,123.0,1.0,1.0
54.0,113.0,90.0,41.0,133.0,113.0,1.0,1.0
58.0,124.0,98.0,42.0,136.0,124.0,1.0,1.0
54.0,115.0,98.0,38.0,135.0,115.0,1.0,1.0
51.0,108.0,88.0,40.0,135.0,108.0,1.0,1.0
68.0,135.0,99.0,46.0,128.0,135.0,1.0,1.0
67.0,142.0,101.0,46.0,136.0,142.0,1.0,1.0
73.0,132.0,111.5,40.0,114.0,132.0,1.0,1.0
67.0,120.0,124.0,28.0,123.0,131.0,1.0,1.0
68.0,125.0,105.0,41.0,117.0,125.0,1.0,1.0
64.0,123.0,99.0,43.0,122.0,123.0,1.0,1.0
50.0,101.0,94.0,34.0,129.0,102.0,1.0,1.0
69.0,128.0,124.0,32.0,122.0,134.0,1.0,1.0
70.0,125.0,109.0,39.0,111.0,125.0,1.0,1.0
65.0,120.0,97.0,42.0,118.0,120.0,1.0,1.0
63.0,117.0,118.0,30.0,123.0,124.0,1.0,1.0
63.0,130.0,109.0,39.0,132.0,130.0,1.0,1.0
69.0,130.0,109.0,41.0,119.0,130.0,1.0,1.0
65.0,123.0,100.0,41.0,121.0,123.0,1.0,1.0
61.0,113.0,107.0,33.0,117.0,113.0,1.0,1.0
69.0,127.0,103.0,43.0,116.0,127.0,1.0,1.0
80.0,157.0,140.0,37.0,127.0,159.0,1.0,1.0
80.0,154.0,136.0,38.0,123.0,154.0,1.0,1.0
71.0,131.0,108.0,41.0,115.0,131.0,1.0,1.0
68.0,130.0,105.0,42.0,121.0,130.0,1.0,1.0
69.0,146.0,116.0,42.0,134.0,146.0,1.0,1.0
80.0,155.0,128.0,41.0,122.0,155.0,1.0,1.0
63.0,122.0,117.0,32.0,124.0,124.0,1.0,1.0
74.0,129.0,116.0,37.0,108.0,129.0,1.0,1.0
54.0,120.0,96.0,41.0,140.0,120.0,1.0,1.0
58.0,125.0,105.0,39.0,136.0,125.0,1.0,1.0
77.0,133.0,121.0,35.0,108.0,133.0,1.0,1.0
88.0,145.0,145.0,30.0,103.0,148.0,1.0,1.0
56.0,124.0,98.0,42.0,141.0,124.0,1.0,1.0
77.0,140.5,127.0,37.0,115.0,141.0,1.0,1.0
72.0,130.0,121.0,34.0,115.0,130.0,1.0,1.0
70.0,128.0,112.0,38.0,116.0,128.0,1.0,1.0
78.0,133.5,117.0,39.0,105.0,133.5,1.0,1.0
67.0,124.0,110.0,38.0,116.0,124.0,1.0,1.0
60.0,115.5,98.0,39.0,122.0,116.0,1.0,1.0
63.0,114.0,110.0,32.0,117.0,116.0,1.0,1.0
70.0,123.0,112.0,36.0,109.0,123.0,1.0,1.0
57.0,115.0,94.0,40.0,129.0,115.0,1.0,1.0
60.0,116.0,93.0,42.0,124.0,116.0,1.0,1.0
76.0,127.0,120.0,33.0,104.0,128.0,1.0,1.0
70.0,125.0,109.0,39.0,113.0,125.0,1.0,1.0
63.0,122.0,112.0,36.0,125.0,123.0,1.0,1.0
61.0,122.0,102.0,39.0,127.0,122.0,1.0,1.0
60.0,117.5,93.0,43.0,124.0,117.5,1.0,1.0
58.0,120.0,99.0,39.0,131.5,120.0,1.0,1.0
59.0,124.0,91.0,45.0,134.0,124.0,1.0,1.0
58.0,122.0,97.0,42.0,134.0,122.0,1.0,1.0
60.0,131.0,106.0,41.0,137.0,131.0,1.0,1.0
60.0,137.0,99.0,45.0,144.0,137.0,1.0,1.0
62.0,129.0,99.0,43.0,133.0,129.0,1.0,1.0
57.0,128.0,102.0,41.0,141.0,128.0,1.0,1.0
55.0,129.0,88.0,47.0,145.0,129.0,1.0,1.0
59.0,129.0,88.0,48.0,139.0,129.0,1.0,1.0
61.0,128.0,99.0,43.0,134.0,128.0,1.0,1.0
56.0,126.0,91.0,45.0,142.0,126.0,1.0,1.0
56.0,120.0,87.0,45.0,135.0,120.0,1.0,1.0
61.0,132.0,101.0,43.0,138.0,132.0,1.0,1.0
56.0,126.0,96.0,43.0,142.0,126.0,1.0,1.0
57.0,128.0,97.0,44.0,140.0,128.0,1.0,1.0
55.0,128.0,91.0,45.0,144.0,128.0,1.0,1.0
56.0,124.0,87.0,47.0,139.0,124.0,1.0,1.0
56.0,138.0,127.0,34.0,151.0,138.0,1.0,1.0
60.0,143.0,129.0,36.0,148.0,143.0,1.0,1.0
54.0,126.0,110.0,38.0,147.0,126.0,1.0,1.0
63.0,141.0,129.0,35.0,140.0,141.0,1.0,1.0
92.0,159.0,168.0,27.0,116.0,168.0,1.0,1.0
82.0,157.0,161.0,28.0,125.0,161.0,1.0,1.0
63.0,126.0,127.0,30.0,130.0,128.5,1.0,1.0
70.0,137.0,111.0,43.0,127.0,137.0,1.0,1.0
71.0,137.0,105.0,45.0,122.0,137.0,1.0,1.0
73.0,137.0,108.0,44.0,120.0,137.0,1.0,1.0
67.0,141.0,98.0,48.0,134.0,141.0,1.0,1.0
62.0,129.0,92.0,47.0,133.0,129.0,1.0,1.0
61.0,121.0,82.0,49.0,128.0,121.0,1.0,1.0
73.0,132.0,106.5,43.0,114.0,132.0,1.0,1.0
73.0,135.0,109.0,43.0,117.0,135.0,1.0,1.0
77.0,128.0,119.0,35.0,104.0,130.0,1.0,1.0
77.0,132.0,107.0,44.0,107.0,132.0,1.0,1.0
68.0,124.0,96.0,45.0,116.0,124.0,1.0,1.0
71.0,124.0,139.0,23.0,124.0,139.0,1.0,1.0
59.0,117.5,94.0,42.0,127.0,117.5,1.0,1.0
55.0,113.0,90.0,42.0,131.0,113.0,1.0,1.0
59.0,122.0,97.0,42.0,131.0,122.0,1.0,1.0
58.0,118.0,103.5,38.0,130.0,118.0,1.0,1.0
62.0,121.0,111.0,36.0,125.0,122.0,1.0,1.0
60.0,123.0,101.5,41.0,132.0,123.0,1.0,1.0
60.0,122.0,104.0,40.0,130.0,122.0,1.0,1.0
80.0,133.5,143.0,26.0,114.0,144.0,1.0,1.0
56.0,113.0,92.0,42.0,130.0,113.0,1.0,1.0
58.0,122.0,96.0,43.0,134.0,122.0,1.0,1.0
53.0,115.0,88.0,43.0,138.0,115.0,1.0,1.0
55.0,117.0,94.0,41.0,135.0,117.0,1.0,1.0
57.0,114.0,93.0,42.0,126.0,114.0,1.0,1.0
52.0,107.0,92.0,40.0,133.0,108.0,1.0,1.0
56.0,116.0,97.0,39.0,133.0,116.0,1.0,1.0
65.0,126.0,109.0,39.0,124.0,126.0,1.0,1.0
62.0,133.0,106.0,41.0,136.0,133.0,1.0,1.0
63.0,129.5,101.0,43.0,131.0,129.5,1.0,1.0
67.0,132.0,113.0,39.0,126.0,132.0,1.0,1.0
80.0,131.0,130.0,29.5,102.0,135.0,1.0,1.0
65.0,128.0,100.0,43.0,126.0,128.0,1.0,1.0
64.0,132.0,109.0,40.0,131.0,132.0,1.0,1.0
77.0,121.0,130.0,25.0,104.0,130.0,1.0,1.0
62.0,129.0,103.0,42.0,132.0,129.0,1.0,1.0
61.0,122.0,103.0,40.0,126.0,122.0,1.0,1.0
64.0,131.0,107.5,41.0,129.0,131.0,1.0,1.0
64.0,129.0,106.0,40.0,128.0,129.0,1.0,1.0
74.0,124.0,126.0,28.0,106.0,127.0,1.0,1.0
59.0,125.0,101.0,41.0,133.5,125.0,1.0,1.0
73.0,130.0,115.0,37.0,112.0,131.0,1.0,1.0
73.0,122.0,123.0,29.0,106.0,124.0,1.0,1.0
63.0,127.0,106.0,40.0,130.0,127.0,1.0,1.0
68.0,125.0,108.0,40.0,116.0,125.0,1.0,1.0
60.0,123.0,99.0,41.0,130.0,123.0,1.0,1.0
60.0,117.0,100.0,37.0,123.0,117.0,1.0,1.0
60.0,122.0,100.0,40.0,129.0,122.0,1.0,1.0
61.0,119.0,92.0,44.0,124.0,119.0,1.0,1.0
64.0,133.0,114.0,38.0,131.0,133.0,1.0,1.0
60.0,117.0,93.0,42.0,124.0,117.0,1.0,1.0
78.0,134.0,120.0,37.0,107.0,134.0,1.0,1.0
69.0,134.0,114.0,39.0,126.0,134.0,1.0,1.0
59.0,120.0,94.0,43.0,130.0,120.0,1.0,1.0
60.0,114.0,100.0,40.0,120.0,115.0,1.0,1.0
76.0,128.0,124.0,33.0,103.0,129.0,1.0,1.0
71.0,123.0,120.5,35.0,113.0,129.0,1.0,1.0
64.0,129.0,102.0,43.0,129.0,129.0,1.0,1.0
66.0,127.0,108.0,38.0,119.0,127.0,1.0,1.0
65.0,130.0,108.0,40.0,128.0,130.0,1.0,1.0
67.0,125.5,111.0,37.0,119.0,125.5,1.0,1.0
64.0,122.0,99.0,42.0,121.0,122.0,1.0,1.0
71.0,128.0,105.0,42.0,114.0,128.0,1.0,1.0
72.0,129.0,111.0,39.0,111.0,129.0,1.0,1.0
57.0,116.0,92.0,42.0,128.0,116.0,1.0,1.0
60.0,122.0,93.0,44.0,129.0,122.0,1.0,1.0
69.0,133.0,114.0,39.0,122.0,133.0,1.0,1.0
89.0,133.0,155.0,20.0,108.0,155.0,1.0,1.0
70.0,128.0,114.0,37.0,116.0,128.0,1.0,1.0
73.0,128.0,117.0,36.0,107.0,129.0,1.0,1.0
67.0,128.0,102.0,43.0,122.0,128.0,1.0,1.0
64.0,121.0,104.0,39.0,120.0,121.0,1.0,1.0
76.0,122.0,136.0,23.0,112.0,136.0,1.0,1.0
59.0,116.0,89.0,44.0,126.0,116.0,1.0,1.0
57.0,114.0,91.0,42.0,126.0,114.0,1.0,1.0
64.5,134.0,113.0,39.0,133.0,134.0,1.0,1.0
81.0,127.0,144.0,22.0,112.0,144.0,1.0,1.0
72.0,130.0,113.0,39.0,114.0,130.0,1.0,1.0
76.0,131.0,124.0,34.0,108.0,131.0,1.0,1.0
78.0,134.0,123.0,36.0,107.0,134.0,1.0,1.0
74.0,130.0,117.0,37.0,108.0,130.0,1.0,1.0
60.0,118.0,91.0,44.0,125.0,118.0,1.0,1.0
76.0,136.0,120.0,38.0,113.0,136.0,1.0,1.0
68.0,128.0,116.0,36.0,122.0,129.0,1.0,1.0
65.0,122.0,103.0,43.0,118.0,122.0,1.0,1.0
79.0,130.0,127.5,32.0,104.0,132.0,1.0,1.0
73.0,131.0,111.0,40.0,114.0,131.0,1.0,1.0
67.0,130.0,113.0,39.0,123.0,130.0,1.0,1.0
76.0,135.0,118.0,39.0,112.0,135.0,1.0,1.0
75.0,133.0,116.0,39.0,111.0,133.0,1.0,1.0
73.0,139.0,117.0,40.0,121.0,139.0,1.0,1.0
85.0,146.0,133.0,37.0,106.0,146.0,1.0,1.0
96.0,149.0,158.0,26.0,99.0,158.0,1.0,1.0
65.0,126.0,100.0,43.0,125.0,126.0,1.0,1.0
79.0,133.0,125.0,34.0,104.0,133.0,1.0,1.0
76.0,138.0,118.0,40.0,115.0,138.0,1.0,1.0
76.0,140.0,115.0,42.0,116.0,140.0,1.0,1.0
78.0,137.0,117.0,40.0,110.0,137.0,1.0,1.0
65.0,121.0,119.0,31.0,119.0,126.0,1.0,1.0
83.0,127.0,143.0,22.0,105.5,143.0,1.0,1.0
53.0,122.0,102.0,39.0,143.0,122.0,1.0,1.0
80.0,117.0,133.0,21.0,102.0,133.0,1.0,1.0
89.0,133.0,137.5,26.0,94.0,140.0,1.0,1.0
54.0,96.0,93.0,32.0,113.0,97.0,1.0,1.0
69.0,127.0,115.0,35.0,115.0,127.0,1.0,1.0
71.0,116.0,118.0,29.0,104.0,119.0,1.0,1.0
76.0,130.0,123.0,34.0,109.0,132.0,1.0,1.0
87.0,136.0,144.0,27.0,103.0,144.0,1.0,1.0
78.0,137.0,117.0,41.0,110.0,137.0,1.0,1.0
65.0,131.0,110.0,39.0,126.0,131.0,1.0,1.0
57.0,112.0,88.0,43.0,125.0,112.0,1.0,1.0
62.0,127.0,98.0,43.0,131.0,127.0,1.0,1.0
95.0,159.0,129.0,44.0,103.0,159.0,1.0,1.0
59.0,129.0,106.0,40.0,136.0,129.0,1.0,1.0
74.0,135.0,116.0,39.0,115.0,135.0,1.0,1.0
67.0,127.0,108.0,39.0,120.0,127.0,1.0,1.0
54.0,108.0,88.0,41.0,129.0,108.0,1.0,1.0
61.5,119.0,102.0,39.0,123.0,119.0,1.0,1.0
68.0,126.0,122.0,33.0,119.0,127.5,1.0,1.0
58.0,116.0,98.0,39.0,126.0,116.0,1.0,1.0
72.0,128.0,123.0,33.0,112.0,128.0,1.0,1.0
86.0,145.0,141.0,33.0,106.0,148.0,1.0,1.0
67.0,121.0,112.0,35.0,114.0,121.0,1.0,1.0
75.0,128.0,124.0,33.0,108.5,129.0,1.0,1.0
68.0,121.0,115.0,34.0,112.0,121.0,1.0,1.0
77.0,129.0,124.0,33.0,105.0,130.0,1.0,1.0
68.0,119.0,113.0,34.0,110.0,119.0,1.0,1.0
60.0,109.0,104.0,32.0,117.0,110.0,1.0,1.0
56.0,106.0,90.0,40.0,120.0,106.0,1.0,1.0
59.0,109.0,102.0,35.0,115.0,109.0,1.0,1.0
56.0,100.0,90.0,36.0,112.0,100.0,1.0,1.0
60.5,112.0,98.0,37.0,117.0,112.0,1.0,1.0
61.0,109.0,99.0,36.0,112.0,109.0,1.0,1.0
62.0,106.0,107.0,30.0,111.0,110.0,1.0,1.0
49.0,90.0,86.0,34.0,115.0,90.0,1.0,1.0
59.0,105.0,98.0,34.0,111.0,105.0,1.0,1.0
53.0,90.0,84.0,34.0,108.0,90.0,1.0,1.0
68.0,124.0,116.0,35.0,116.0,124.0,1.0,1.0
63.0,125.0,113.0,35.0,125.0,125.0,1.0,1.0
61.0,126.0,106.0,40.0,131.0,126.0,1.0,1.0
62.0,129.0,106.0,40.0,131.0,129.0,1.0,1.0
79.0,133.0,131.0,33.0,106.0,137.0,1.0,1.0
85.5,140.5,143.0,30.0,106.0,146.0,1.0,1.0
83.0,128.0,147.0,21.0,109.0,147.0,1.0,1.0
60.0,125.0,96.0,43.0,133.0,125.0,1.0,1.0
74.0,129.0,126.0,31.0,110.0,132.0,1.0,1.0
49.0,96.0,79.0,42.0,124.0,96.0,1.0,1.0
54.0,98.0,89.0,36.0,117.0,98.0,1.0,1.0
48.0,100.0,78.0,43.0,132.0,100.0,1.0,1.0
71.0,133.0,117.0,38.0,120.0,133.0,1.0,1.0
55.0,113.0,92.0,42.0,132.0,113.0,1.0,1.0
57.0,111.0,98.0,37.0,124.0,112.0,1.0,1.0
56.0,112.0,98.0,38.0,128.0,112.0,1.0,1.0
61.0,111.0,103.0,35.0,118.0,113.0,1.0,1.0
61.0,115.0,100.0,40.0,121.0,115.0,1.0,1.0
75.0,124.0,129.0,27.0,109.0,131.0,1.0,1.0
36.0,77.0,56.0,45.0,137.0,77.0,1.0,1.0
67.5,120.0,115.0,34.0,114.0,122.0,1.0,1.0
40.0,86.0,64.0,45.0,135.0,86.0,1.0,1.0
63.0,124.0,107.0,38.0,125.0,124.0,1.0,1.0
63.0,120.0,108.0,37.0,122.0,121.0,1.0,1.0
69.0,123.5,115.0,34.0,115.0,126.0,1.0,1.0
40.0,82.0,62.0,44.0,131.0,82.0,1.0,1.0
51.0,105.0,81.0,43.0,132.0,105.0,1.0,1.0
41.0,90.0,67.0,44.0,139.0,90.0,1.0,1.0
50.0,108.0,80.0,44.0,136.0,108.0,1.0,1.0
74.0,138.0,138.0,32.0,126.0,145.0,1.0,1.0
83.0,147.0,154.0,27.0,123.0,159.0,1.0,1.0
72.0,141.0,129.0,37.0,129.0,146.0,1.0,1.0
63.0,136.0,115.0,40.0,136.0,136.0,1.0,1.0
64.0,140.0,120.0,39.0,140.0,142.0,1.0,1.0
66.0,134.0,126.0,37.0,135.0,140.0,1.0,1.0
62.0,133.5,116.0,38.0,136.0,134.0,1.0,1.0
57.0,119.0,108.0,36.0,134.0,119.0,1.0,1.0
54.0,127.0,119.0,34.0,147.0,127.0,1.0,1.0
58.0,125.0,127.0,29.0,140.0,129.0,1.0,1.0
57.0,131.0,119.0,35.0,145.0,131.0,1.0,1.0
56.0,130.0,113.0,37.0,144.0,130.0,1.0,1.0
54.0,126.0,112.0,36.0,145.0,126.0,1.0,1.0
50.5,118.0,101.0,38.0,146.0,118.0,1.0,1.0
51.0,126.0,106.0,38.0,153.0,126.0,1.0,1.0
45.0,114.0,95.0,39.0,155.0,114.0,1.0,1.0
53.0,111.0,101.0,35.0,134.0,111.0,1.0,1.0
43.0,110.0,97.0,37.0,154.0,110.0,1.0,1.0
46.0,107.0,107.0,30.0,145.0,111.0,1.0,1.0
49.0,111.0,106.0,33.0,142.5,112.0,1.0,1.0
46.0,114.0,106.0,34.0,153.0,115.0,1.0,1.0
56.0,132.0,117.0,37.0,146.0,133.0,1.0,1.0
59.0,128.0,122.0,33.0,139.0,129.0,1.0,1.0
55.0,120.0,121.0,30.0,140.0,122.0,1.0,1.0
54.0,101.0,104.0,29.0,128.0,106.0,1.0,1.0
50.0,103.0,101.0,34.0,139.0,107.0,1.0,1.0
56.0,111.0,106.0,36.0,141.0,119.0,1.0,1.0
47.0,106.0,94.0,36.0,145.0,107.0,1.0,1.0
47.0,99.0,93.0,34.5,135.0,101.0,1.0,1.0
35.0,68.0,66.0,33.0,125.0,68.0,1.0,1.0
51.0,115.0,114.0,30.0,141.0,116.5,1.0,1.0
45.0,107.0,97.0,35.0,147.0,107.0,1.0,1.0
48.0,118.0,99.0,39.0,150.0,119.0,1.0,1.0
47.0,100.0,95.0,35.0,140.0,104.0,1.0,1.0
46.0,108.0,94.0,37.0,146.0,108.0,1.0,1.0
43.0,105.0,102.0,31.0,146.0,106.0,1.0,1.0
50.0,116.0,116.0,30.0,148.0,118.0,1.0,1.0
61.0,117.0,125.0,25.0,133.0,125.0,1.0,1.0
52.0,106.0,98.0,35.0,135.0,107.0,1.0,1.0
55.0,113.0,113.0,30.0,135.0,117.0,1.0,1.0
55.0,117.0,129.0,25.0,146.0,130.0,1.0,1.0
59.0,115.0,110.0,33.0,127.0,116.0,1.0,1.0
56.0,115.0,133.0,23.0,147.0,133.0,1.0,1.0
69.0,142.0,134.0,34.0,137.0,147.0,1.0,1.0
63.0,132.0,120.0,35.0,134.0,132.0,1.0,1.0
55.0,127.0,113.0,35.0,146.0,128.0,1.0,1.0
60.0,121.0,128.0,27.0,136.0,129.0,1.0,1.0
58.0,126.0,115.0,34.5,138.0,126.0,1.0,1.0
54.0,122.0,109.0,36.0,142.0,122.0,1.0,1.0
65.0,125.0,128.0,30.0,129.0,131.0,1.0,1.0
36.0,67.0,60.0,37.0,125.0,67.0,1.0,1.0
54.0,114.0,117.0,29.0,140.0,119.0,1.0,1.0
54.0,115.0,110.0,32.0,139.0,118.0,1.0,1.0
59.0,116.0,113.0,31.0,130.0,118.0,1.0,1.0
46.0,114.0,105.0,34.0,149.0,114.0,1.0,1.0
49.0,115.0,103.0,35.0,146.0,115.0,1.0,1.0
54.0,123.0,114.0,34.0,142.0,123.0,1.0,1.0
59.0,126.0,130.0,28.0,138.0,130.0,1.0,1.0
47.0,102.0,97.0,32.0,142.0,106.0,1.0,1.0
65.0,125.0,125.0,28.0,129.0,132.0,1.0,1.0
83.0,144.0,128.0,38.0,107.0,144.0,1.0,1.0
68.0,135.0,118.0,38.0,127.0,135.0,1.0,1.0
59.0,120.0,112.0,34.0,129.0,120.0,1.0,1.0
67.0,127.0,132.0,27.0,128.0,134.0,1.0,1.0
60.0,126.0,111.0,36.0,133.5,126.0,1.0,1.0
54.0,125.0,105.0,39.0,146.0,125.0,1.0,1.0
67.0,133.0,121.0,35.0,127.0,134.0,1.0,1.0
59.0,119.0,125.0,27.0,134.0,126.0,1.0,1.0
62.0,137.0,118.0,38.0,138.0,137.0,1.0,1.0
61.0,130.0,115.0,36.5,136.0,130.0,1.0,1.0
60.0,130.0,111.0,38.0,137.0,130.0,1.0,1.0
60.0,126.0,122.0,30.0,133.0,128.0,1.0,1.0
61.0,125.0,119.0,33.0,136.0,129.0,1.0,1.0
78.0,156.0,125.0,42.0,128.0,156.0,1.0,1.0
68.0,152.0,116.0,43.0,140.0,152.0,1.0,1.0
72.0,150.0,118.0,42.0,133.0,150.0,1.0,1.0
68.0,141.0,113.0,42.0,131.0,141.0,1.0,1.0
68.0,141.0,115.0,41.0,132.0,141.0,1.0,1.0
69.0,138.0,150.5,26.0,138.0,151.0,1.0,1.0
56.0,131.0,108.0,40.0,145.0,131.0,1.0,1.0
59.0,133.0,104.0,42.0,143.0,133.0,1.0,1.0
51.0,132.0,102.0,41.0,156.0,132.0,1.0,1.0
54.0,131.0,102.0,42.0,148.0,131.0,1.0,1.0
57.0,141.0,113.0,40.0,152.0,141.0,1.0,1.0
58.0,142.0,107.0,42.0,150.0,142.0,1.0,1.0
55.0,135.0,103.0,42.0,151.0,135.0,1.0,1.0
51.0,127.0,103.0,40.0,152.0,127.0,1.0,1.0
61.0,132.0,112.0,39.0,136.5,132.0,1.0,1.0
76.0,155.5,138.0,37.0,132.0,157.0,1.0,1.0
79.0,152.0,127.0,41.0,123.0,152.0,1.0,1.0
72.0,148.0,120.0,41.0,131.0,148.0,1.0,1.0
85.0,159.0,137.0,39.0,120.0,160.0,1.0,1.0
78.0,150.0,119.0,43.0,124.0,150.0,1.0,1.0
76.0,144.0,117.0,42.0,122.0,144.0,1.0,1.0
76.0,147.0,129.0,39.0,123.0,147.0,1.0,1.0
80.0,150.0,121.0,43.0,118.0,150.0,1.0,1.0
57.0,130.0,109.0,39.0,144.0,130.0,1.0,1.0
51.0,129.0,106.0,39.0,153.0,129.0,1.0,1.0
50.0,123.0,96.0,41.0,150.0,123.0,1.0,1.0
53.0,130.0,106.0,39.0,151.0,130.0,1.0,1.0
49.0,123.0,101.0,39.0,153.0,123.0,1.0,1.0
56.0,130.0,111.0,38.0,146.0,130.0,1.0,1.0
48.0,116.0,93.0,41.0,149.0,116.0,1.0,1.0
53.0,128.0,104.5,40.0,150.0,128.0,1.0,1.0
51.0,127.0,103.0,40.0,153.0,127.0,1.0,1.0
50.0,112.0,91.0,40.0,141.0,112.0,1.0,1.0
50.5,110.0,91.0,40.0,137.0,110.0,1.0,1.0
63.0,121.0,118.0,32.0,125.0,123.0,1.0,1.0
71.0,145.0,133.0,35.0,130.0,145.0,1.0,1.0
67.0,144.0,126.0,37.0,136.0,144.0,1.0,1.0
61.0,153.0,128.0,38.0,153.0,153.0,1.0,1.0
62.0,137.0,122.0,36.0,139.0,137.0,1.0,1.0
60.0,136.0,112.0,40.0,143.0,136.0,1.0,1.0
64.0,159.0,116.0,44.0,153.0,159.0,1.0,1.0
61.0,156.0,112.0,44.0,155.0,156.0,1.0,1.0
66.0,161.0,122.0,43.0,151.0,161.0,1.0,1.0
61.0,155.0,115.0,43.0,154.0,155.0,1.0,1.0
65.0,160.0,119.0,43.0,151.0,160.0,1.0,1.0
64.0,165.0,119.0,44.0,156.0,165.0,1.0,1.0
59.0,147.0,122.0,39.0,155.0,147.0,1.0,1.0
55.0,147.0,118.0,40.0,160.0,147.0,1.0,1.0
61.0,151.0,122.0,40.0,153.0,151.0,1.0,1.0
60.0,150.0,129.0,37.0,153.0,150.0,1.0,1.0
59.0,149.0,129.0,37.0,154.0,149.0,1.0,1.0
66.0,148.0,138.0,33.0,142.0,149.0,1.0,1.0
63.0,150.0,134.0,36.0,147.0,150.0,1.0,1.0
62.0,155.0,129.5,38.0,153.0,155.0,1.0,1.0
65.0,139.0,131.0,34.0,137.0,141.0,1.0,1.0
60.0,140.0,122.0,37.0,145.0,140.0,1.0,1.0
62.0,140.0,126.0,36.0,142.0,140.0,1.0,1.0
65.0,142.0,129.0,35.0,139.0,142.0,1.0,1.0
64.0,144.0,125.0,38.0,141.0,144.0,1.0,1.0
64.0,140.0,129.0,35.0,139.0,141.0,1.0,1.0
67.0,138.0,136.0,31.0,136.0,144.0,1.0,1.0
65.0,146.0,122.0,39.0,142.0,146.0,1.0,1.0
59.0,134.0,114.0,38.0,142.0,134.0,1.0,1.0
61.0,140.0,119.0,38.0,146.0,140.0,1.0,1.0
61.0,137.0,114.0,40.0,142.0,137.0,1.0,1.0
58.0,141.0,114.0,40.0,150.0,142.0,1.0,1.0
68.0,155.0,127.0,39.0,143.0,155.0,1.0,1.0
66.0,137.0,130.0,34.0,136.0,141.0,1.0,1.0
65.0,153.0,125.0,40.0,147.0,153.0,1.0,1.0
61.0,137.0,124.0,35.0,143.0,138.0,1.0,1.0
65.0,165.0,131.0,40.0,155.0,165.0,1.0,1.0
51.0,141.0,109.0,41.0,162.0,141.0,1.0,1.0
74.0,161.0,133.0,40.0,138.0,161.0,1.0,1.0
36.0,80.0,66.0,40.0,142.0,80.0,1.0,1.0
103.0,163.0,185.0,21.0,117.0,185.0,1.0,1.0
84.0,154.0,159.0,28.0,122.0,160.0,1.0,1.0
53.0,125.5,104.0,39.0,147.0,125.5,1.0,1.0
48.0,113.0,93.5,39.0,143.0,113.0,1.0,1.0
46.0,110.0,92.0,39.0,148.0,110.0,1.0,1.0
44.0,111.0,91.0,39.0,152.0,111.0,1.0,1.0
54.0,118.0,103.0,38.0,141.0,120.0,1.0,1.0
54.0,125.0,103.0,40.0,147.0,125.0,1.0,1.0
43.0,99.0,83.0,40.0,142.0,99.0,1.0,1.0
50.0,117.0,94.0,40.0,146.0,117.0,1.0,1.0
49.0,114.0,99.0,38.0,145.0,115.0,1.0,1.0
52.0,123.0,102.0,39.0,148.0,123.0,1.0,1.0
45.0,115.0,92.0,40.0,157.0,115.0,1.0,1.0
52.0,120.0,110.0,35.0,148.0,123.0,1.0,1.0
48.0,114.0,96.0,38.0,147.0,114.0,1.0,1.0
55.0,117.0,101.0,39.0,136.0,117.0,1.0,1.0
56.0,130.0,105.0,40.0,144.0,130.0,1.0,1.0
52.0,122.0,99.0,40.0,145.0,122.0,1.0,1.0
54.0,126.0,101.0,41.0,145.0,126.0,1.0,1.0
55.0,123.0,108.0,37.0,142.0,123.0,1.0,1.0
76.0,131.0,148.0,24.0,125.0,149.0,1.0,1.0
85.5,139.0,169.0,19.0,126.0,169.0,1.0,1.0
59.0,128.0,108.0,39.0,137.0,128.0,1.0,1.0
76.0,143.0,136.0,33.0,122.0,146.0,1.0,1.0
67.0,135.0,127.0,34.0,131.0,138.0,1.0,1.0
73.0,143.0,126.0,37.0,124.0,143.0,1.0,1.0
67.0,138.0,117.0,39.0,131.0,138.0,1.0,1.0
63.0,134.0,115.0,39.0,133.0,134.0,1.0,1.0
69.0,141.0,120.0,38.0,129.0,141.0,1.0,1.0
66.0,139.0,119.0,39.0,134.0,140.0,1.0,1.0
68.0,138.0,123.0,37.0,129.0,139.0,1.0,1.0
70.0,145.0,123.0,39.0,132.0,145.0,1.0,1.0
74.0,140.0,141.0,28.0,124.0,144.0,1.0,1.0
79.0,142.0,151.0,26.0,122.0,151.0,1.0,1.0
81.0,145.0,155.0,26.0,122.0,155.0,1.0,1.0
72.0,138.0,135.0,30.0,123.0,139.0,1.0,1.0
59.0,126.0,114.0,35.0,136.0,127.0,1.0,1.0
58.0,128.0,109.0,39.0,138.0,128.0,1.0,1.0
57.5,130.0,113.0,37.0,141.0,130.0,1.0,1.0
65.0,136.0,117.0,39.0,133.0,137.0,1.0,1.0
61.0,128.0,111.0,37.0,133.0,128.0,1.0,1.0
44.0,116.0,101.0,35.0,158.0,116.0,1.0,1.0
41.0,136.0,93.0,44.0,178.0,136.0,1.0,1.0
46.0,126.0,105.0,38.0,159.0,126.0,1.0,1.0
47.0,136.0,108.0,39.0,166.0,136.0,1.0,1.0
47.0,135.0,105.0,40.0,166.0,135.0,1.0,1.0
45.0,122.0,87.0,44.0,161.0,122.0,1.0,1.0
47.0,105.0,85.0,41.0,143.0,105.0,1.0,1.0
41.0,105.0,80.0,44.0,158.0,106.0,1.0,1.0
57.0,120.0,94.0,42.0,133.0,120.0,1.0,1.0
50.0,122.0,102.0,38.0,149.0,122.0,1.0,1.0
50.0,119.0,94.0,41.0,148.0,119.0,1.0,1.0
35.0,74.0,60.0,41.0,135.0,74.0,1.0,1.0
51.0,115.0,92.0,41.0,143.0,115.0,1.0,1.0
57.0,124.0,118.5,33.0,139.0,126.0,1.0,1.0
50.0,120.0,106.0,37.0,149.0,120.0,1.0,1.0
73.0,137.0,144.0,28.0,128.0,145.0,1.0,1.0
59.0,125.0,122.0,30.0,139.0,128.0,1.0,1.0
68.0,140.0,123.0,37.0,131.0,140.0,1.0,1.0
53.0,119.0,117.0,30.0,139.0,121.0,1.0,1.0
63.5,136.0,115.0,39.0,136.0,136.0,1.0,1.0
56.0,120.0,115.0,34.0,137.0,123.0,1.0,1.0
76.5,146.0,122.0,40.0,121.0,146.0,1.0,1.0
57.0,126.0,106.0,39.0,137.0,126.0,1.0,1.0
58.0,130.0,122.0,33.0,140.0,130.0,1.0,1.0
61.0,125.0,131.0,29.0,140.0,135.0,1.0,1.0
64.0,132.0,136.0,28.0,141.0,142.0,1.0,1.0
56.0,119.0,117.0,30.0,138.0,121.0,1.0,1.0
65.0,122.0,131.0,25.0,134.0,132.0,1.0,1.0
61.0,131.0,116.0,37.0,136.0,131.0,1.0,1.0
59.0,121.0,110.0,36.0,129.0,121.0,1.0,1.0
70.0,131.0,129.0,30.0,121.0,133.0,1.0,1.0
60.0,122.0,120.0,31.0,136.0,125.0,1.0,1.0
72.0,139.0,148.0,27.0,135.0,151.0,1.0,1.0
57.0,129.0,110.0,38.0,141.0,130.0,1.0,1.0
48.0,98.0,84.0,39.0,126.0,98.0,1.0,1.0
72.0,137.0,130.0,33.0,122.0,138.0,1.0,1.0
52.0,100.0,86.0,39.0,121.0,100.0,1.0,1.0
64.0,136.0,119.0,38.0,135.0,136.0,1.0,1.0
94.0,152.0,187.0,19.0,127.0,187.0,1.0,1.0
50.0,98.0,83.0,39.0,124.0,98.0,1.0,1.0
60.0,130.0,116.0,36.0,137.0,130.0,1.0,1.0
80.0,136.0,171.0,18.0,136.0,171.0,1.0,1.0
60.0,128.0,108.0,39.0,137.0,128.0,1.0,1.0
62.0,131.0,112.0,39.0,135.5,132.0,1.0,1.0
59.0,133.0,111.0,39.0,142.0,133.0,1.0,1.0
64.0,123.0,116.0,32.0,122.0,124.0,1.0,1.0
49.0,113.0,94.0,40.0,142.0,113.0,1.0,1.0
70.0,138.0,130.0,35.0,129.0,142.0,1.0,1.0
63.0,131.0,120.0,35.0,130.0,131.0,1.0,1.0
68.0,144.0,134.0,34.0,135.0,144.0,1.0,1.0
56.0,141.0,117.0,38.0,154.0,141.0,1.0,1.0
71.0,143.0,138.0,33.0,129.0,143.0,1.0,1.0
57.0,131.0,117.0,36.0,143.0,131.0,1.0,1.0
67.0,141.0,133.0,33.0,135.0,142.0,1.0,1.0
73.0,145.0,142.0,31.0,126.0,145.0,1.0,1.0
63.0,140.0,129.0,34.0,139.0,140.0,1.0,1.0
55.0,131.0,114.0,37.0,146.0,131.0,1.0,1.0
66.0,142.0,134.0,34.0,136.0,142.0,1.0,1.0
67.0,143.0,131.0,35.0,135.0,143.0,1.0,1.0
71.0,145.0,139.0,33.0,129.0,145.0,1.0,1.0
66.0,140.0,132.0,33.0,135.0,141.0,1.0,1.0
58.0,138.0,128.0,34.0,148.0,138.0,1.0,1.0
61.0,135.0,124.0,35.0,140.0,136.0,1.0,1.0
62.5,137.0,125.0,35.0,139.0,137.0,1.0,1.0
57.0,137.0,121.0,36.0,148.0,137.0,1.0,1.0
74.0,138.0,120.0,39.0,118.0,138.0,1.0,1.0
66.0,141.0,126.0,37.0,136.0,141.0,1.0,1.0
66.0,142.0,127.0,36.0,137.0,142.0,1.0,1.0
70.0,137.0,121.0,37.0,125.0,137.0,1.0,1.0
63.0,142.0,123.0,37.0,142.0,142.0,1.0,1.0
72.0,139.0,122.0,38.0,123.0,139.0,1.0,1.0
63.0,138.0,125.0,35.0,138.0,138.0,1.0,1.0
62.0,140.0,115.0,39.0,142.0,140.0,1.0,1.0
55.0,132.0,113.0,37.0,148.0,132.0,1.0,1.0
61.0,132.0,121.0,35.0,136.0,133.0,1.0,1.0
63.0,139.0,117.0,39.0,141.0,139.0,1.0,1.0
59.0,137.0,114.0,39.0,144.0,137.0,1.0,1.0
79.0,156.0,169.0,25.0,136.0,169.0,1.0,1.0
76.0,156.0,162.0,29.0,137.0,163.0,1.0,1.0
75.0,157.0,162.0,28.0,138.0,163.0,1.0,1.0
83.0,157.0,172.0,25.0,132.0,172.0,1.0,1.0
73.0,147.0,155.0,26.0,136.0,156.0,1.0,1.0
70.0,148.0,142.0,32.0,138.0,152.0,1.0,1.0
69.0,138.0,120.0,38.0,128.0,138.0,1.0,1.0
66.0,138.0,119.0,38.0,133.0,138.0,1.0,1.0
61.0,134.0,106.0,42.0,140.0,134.0,1.0,1.0
67.0,136.0,124.0,35.0,130.0,137.0,1.0,1.0
71.0,146.0,134.0,35.0,132.0,147.0,1.0,1.0
59.0,134.0,106.0,41.0,141.0,134.0,1.0,1.0
61.0,125.0,109.0,38.0,131.0,125.0,1.0,1.0
65.0,136.0,111.5,41.0,134.0,136.0,1.0,1.0
62.0,134.0,118.0,37.0,138.0,134.0,1.0,1.0
70.0,134.0,113.0,40.0,123.0,134.0,1.0,1.0
76.0,142.0,137.0,33.0,120.0,144.0,1.0,1.0
60.0,135.0,111.0,39.5,140.0,135.0,1.0,1.0
71.0,140.0,137.0,32.0,129.0,143.0,1.0,1.0
58.0,134.0,106.0,41.0,144.0,134.0,1.0,1.0
57.0,135.0,107.0,41.0,146.0,135.0,1.0,1.0
61.0,145.0,114.0,41.0,148.0,145.0,1.0,1.0
66.0,140.0,124.0,36.0,136.0,140.0,1.0,1.0
60.0,135.0,115.0,38.0,142.0,135.0,1.0,1.0
38.0,84.5,63.0,44.0,145.0,84.5,1.0,1.0
60.0,129.0,120.0,34.0,136.0,130.0,1.0,1.0
53.0,131.0,106.0,40.0,152.0,131.0,1.0,1.0
51.0,126.0,107.0,38.0,153.0,126.0,1.0,1.0
70.0,162.0,135.0,39.0,145.0,162.0,1.0,1.0
62.0,136.0,134.0,30.0,144.0,141.0,1.0,1.0
59.0,139.0,125.5,35.0,147.0,140.0,1.0,1.0
58.0,135.0,127.0,34.0,147.0,137.0,1.0,1.0
73.0,139.0,153.0,25.0,132.0,153.0,1.0,1.0
51.0,137.0,121.0,36.0,160.0,137.0,1.0,1.0
62.0,140.0,134.0,33.0,143.0,141.0,1.0,1.0
51.0,132.0,107.0,39.0,156.0,132.0,1.0,1.0
59.0,135.0,125.5,34.0,144.0,136.0,1.0,1.0
59.0,132.0,119.0,36.0,141.5,133.0,1.0,1.0
56.0,122.0,117.0,32.0,139.0,124.0,1.0,1.0
55.0,141.0,116.0,38.0,155.0,141.0,1.0,1.0
60.0,134.0,124.0,34.0,143.0,137.0,1.0,1.0
55.0,134.0,110.0,39.0,150.0,134.0,1.0,1.0
56.0,137.0,114.0,38.0,150.5,137.0,1.0,1.0
54.0,131.0,105.0,40.0,151.0,131.0,1.0,1.0
70.0,137.0,134.0,31.0,129.0,142.0,1.0,1.0
55.0,135.0,113.0,38.0,150.0,135.0,1.0,1.0
55.0,134.0,105.0,42.0,150.0,134.0,1.0,1.0
53.0,137.0,110.0,40.0,155.0,137.0,1.0,1.0
55.0,138.0,114.0,39.0,153.0,138.0,1.0,1.0
56.0,137.0,119.0,37.0,151.0,137.0,1.0,1.0
66.0,149.0,142.0,33.0,143.0,150.0,1.0,1.0
57.0,142.0,118.0,39.0,152.0,142.0,1.0,1.0
63.0,144.0,139.0,32.0,146.0,147.0,1.0,1.0
58.0,141.0,119.0,38.0,150.0,141.0,1.0,1.0
56.0,115.0,122.0,27.0,138.0,122.0,1.0,1.0
59.0,124.0,116.0,35.0,139.0,128.0,1.0,1.0
62.0,124.0,123.0,30.0,130.0,125.0,1.0,1.0
57.0,115.0,109.0,34.0,133.0,117.0,1.0,1.0
49.0,109.0,92.0,39.0,140.0,109.0,1.0,1.0
54.0,111.0,106.0,32.0,132.0,111.0,1.0,1.0
57.0,133.0,125.5,33.0,145.0,133.0,1.0,1.0
45.0,101.0,85.0,39.0,141.0,101.0,1.0,1.0
52.0,108.0,106.0,32.0,135.0,111.0,1.0,1.0
73.0,140.0,121.0,39.0,122.0,140.0,1.0,2.0
75.0,133.0,117.0,39.0,114.0,133.0,1.0,2.0
77.0,140.0,118.0,40.0,114.0,140.0,1.0,2.0
79.0,145.0,123.0,40.0,116.0,145.0,1.0,2.0
72.5,138.0,117.0,40.0,121.0,138.0,1.0,2.0
81.0,148.0,123.0,41.0,117.0,148.0,1.0,2.0
79.0,144.0,122.0,40.0,116.0,144.0,1.0,2.0
80.0,138.0,119.0,40.0,108.0,138.0,1.0,2.0
81.0,138.0,118.5,40.0,106.0,138.0,1.0,2.0
71.0,133.0,110.0,41.0,119.0,133.0,1.0,2.0
73.0,135.0,110.0,42.0,117.0,135.0,1.0,2.0
74.0,137.0,114.0,41.0,118.0,137.0,1.0,2.0
72.0,133.0,109.0,42.0,117.0,133.0,1.0,2.0
71.0,132.0,111.0,40.0,119.0,132.0,1.0,2.0
71.0,134.0,112.0,41.0,121.0,134.0,1.0,2.0
80.0,138.0,116.0,41.0,107.0,138.0,1.0,2.0
80.0,149.0,127.0,40.0,118.0,149.0,1.0,2.0
76.0,146.0,119.0,41.0,123.0,146.0,1.0,2.0
71.5,144.0,122.0,39.0,130.0,144.0,1.0,2.0
82.0,149.0,127.0,40.0,114.0,149.0,1.0,2.0
77.0,157.0,137.0,38.0,129.0,157.0,1.0,2.0
71.0,140.0,118.0,40.0,125.0,140.0,1.0,2.0
70.0,137.5,110.0,42.0,126.0,137.5,1.0,2.0
79.0,144.0,123.5,40.0,115.0,144.0,1.0,2.0
88.0,168.0,144.0,39.0,121.0,168.0,1.0,2.0
81.0,152.0,127.0,41.0,119.0,152.0,1.0,2.0
73.0,150.5,121.0,41.0,131.0,150.5,1.0,2.0
78.0,150.0,123.5,41.0,123.0,150.0,1.0,2.0
72.0,145.0,118.0,41.0,129.0,145.0,1.0,2.0
74.0,157.0,128.0,40.0,135.0,157.0,1.0,2.0
78.0,146.0,119.5,41.0,120.0,146.0,1.0,2.0
74.0,149.0,122.0,41.0,127.0,149.0,1.0,2.0
79.0,149.0,122.0,42.0,120.0,149.0,1.0,2.0
87.0,147.0,123.0,42.0,104.0,147.0,1.0,2.0
83.5,153.0,129.0,40.0,116.0,153.0,1.0,2.0
77.0,152.0,125.0,41.0,127.0,152.0,1.0,2.0
79.0,144.0,122.0,41.0,115.0,144.0,1.0,2.0
81.0,148.0,123.0,41.0,116.0,148.0,1.0,2.0
83.0,149.0,125.0,41.0,113.0,149.0,1.0,2.0
84.0,153.0,130.0,40.0,115.0,153.0,1.0,2.0
80.0,144.0,123.0,40.0,116.0,144.0,1.0,2.0
79.0,147.0,122.0,41.0,117.0,147.0,1.0,2.0
84.0,150.0,127.0,41.0,113.0,150.0,1.0,2.0
79.0,154.0,129.0,40.0,125.0,154.0,1.0,2.0
85.0,158.0,133.0,40.0,119.0,158.0,1.0,2.0
76.0,146.0,120.0,41.0,123.0,146.0,1.0,2.0
77.0,146.0,121.0,41.0,122.0,146.0,1.0,2.0
81.0,151.0,137.0,36.0,119.0,151.0,1.0,2.0
83.0,151.0,128.0,40.0,116.0,151.0,1.0,2.0
74.0,151.0,126.0,40.0,130.0,151.0,1.0,2.0
76.0,152.0,126.0,40.0,128.0,152.0,1.0,2.0
80.0,150.0,122.5,42.0,120.0,150.0,1.0,2.0
77.0,145.0,113.5,44.0,119.0,145.0,1.0,2.0
72.0,133.0,107.0,43.0,116.0,133.0,1.0,2.0
74.5,132.0,109.0,42.0,109.0,132.0,1.0,2.0
74.0,135.0,114.0,40.0,115.0,135.0,1.0,2.0
65.0,135.0,109.0,41.0,131.0,135.0,1.0,2.0
65.0,120.0,100.0,41.0,117.0,120.0,1.0,2.0
67.0,132.0,108.0,41.0,127.0,132.0,1.0,2.0
85.0,154.0,134.0,38.0,115.0,154.0,1.0,2.0
86.0,153.0,128.0,41.0,112.0,153.0,1.0,2.0
89.0,151.0,131.0,39.0,105.0,151.0,1.0,2.0
85.0,152.0,127.0,41.0,112.0,152.0,1.0,2.0
89.0,158.0,133.0,40.0,112.0,158.0,1.0,2.0
77.0,152.0,122.0,42.0,126.0,152.0,1.0,2.0
91.0,165.0,148.0,37.5,116.0,166.0,1.0,2.0
83.0,152.0,123.0,43.0,115.0,152.0,1.0,2.0
86.0,157.5,133.0,40.0,116.0,157.5,1.0,2.0
69.0,138.0,106.0,44.0,127.0,138.0,1.0,2.0
80.0,134.0,112.0,42.0,102.0,134.0,1.0,2.0
76.0,139.0,113.0,42.0,114.0,139.0,1.0,2.0
73.0,140.0,109.0,44.0,122.0,140.0,1.0,2.0
78.0,147.0,116.0,44.0,119.0,147.0,1.0,2.0
76.0,141.0,116.0,41.0,117.0,141.0,1.0,2.0
72.0,149.0,114.0,43.0,132.0,149.0,1.0,2.0
73.0,134.0,107.0,43.0,116.0,134.0,1.0,2.0
76.0,142.0,115.5,42.0,120.0,142.0,1.0,2.0
70.0,142.0,112.0,43.0,128.0,142.0,1.0,2.0
83.0,154.0,128.0,41.0,118.0,154.0,1.0,2.0
82.0,150.0,125.0,41.0,117.0,150.0,1.0,2.0
77.0,147.0,120.0,41.0,121.0,147.0,1.0,2.0
84.0,155.0,131.0,40.0,117.0,155.0,1.0,2.0
72.0,147.0,120.0,41.0,129.0,147.0,1.0,2.0
76.0,151.0,124.0,41.0,127.0,151.0,1.0,2.0
75.0,149.0,119.0,42.0,127.0,149.0,1.0,2.0
85.0,151.0,127.0,41.0,111.0,151.0,1.0,2.0
70.0,147.0,124.0,39.0,135.0,147.0,1.0,2.0
79.0,143.0,119.0,41.0,114.0,143.0,1.0,2.0
76.0,145.0,120.0,41.0,121.0,145.0,1.0,2.0
75.0,144.0,120.0,40.0,123.0,144.0,1.0,2.0
74.0,134.0,124.0,35.0,116.0,135.0,1.0,2.0
77.0,148.0,123.0,41.0,123.0,148.0,1.0,2.0
84.5,147.0,127.0,39.0,109.0,147.0,1.0,2.0
78.0,144.0,120.0,41.0,117.0,144.0,1.0,2.0
71.0,131.5,112.0,40.0,117.0,131.5,1.0,2.0
80.0,142.0,120.0,40.0,112.0,142.0,1.0,2.0
81.0,155.0,130.0,40.0,122.0,155.0,1.0,2.0
89.0,159.0,134.0,41.0,113.0,159.0,1.0,2.0
88.0,148.0,124.0,42.0,105.0,148.0,1.0,2.0
80.0,147.0,123.0,41.0,116.0,147.0,1.0,2.0
83.0,146.0,122.0,42.0,111.0,146.0,1.0,2.0
93.0,162.0,138.0,40.0,109.0,162.0,1.0,2.0
86.0,155.0,132.0,40.0,113.0,155.0,1.0,2.0
82.0,154.0,127.0,41.0,120.0,154.0,1.0,2.0
80.0,150.0,124.0,41.0,119.0,150.0,1.0,2.0
85.0,152.0,129.0,41.0,113.0,152.0,1.0,2.0
82.0,148.0,121.0,42.0,114.0,148.0,1.0,2.0
78.0,150.0,119.0,42.0,122.0,150.0,1.0,2.0
85.0,152.0,125.0,42.0,112.0,152.0,1.0,2.0
79.0,150.0,123.0,41.0,120.0,150.0,1.0,2.0
90.0,150.0,127.0,41.0,103.0,150.0,1.0,2.0
82.0,158.0,128.0,42.0,124.0,158.0,1.0,2.0
85.0,150.0,127.0,41.0,111.0,150.0,1.0,2.0
87.0,151.0,127.0,41.0,108.0,151.0,1.0,2.0
82.0,146.0,121.0,42.0,112.0,146.0,1.0,2.0
81.0,157.0,129.0,41.0,123.0,157.0,1.0,2.0
76.0,141.0,120.0,40.0,116.0,141.0,1.0,2.0
81.0,147.0,125.0,40.0,115.0,147.0,1.0,2.0
86.0,151.0,126.0,41.0,112.0,151.0,1.0,2.0
86.0,152.0,125.0,43.0,111.0,152.0,1.0,2.0
94.0,161.0,138.0,40.0,106.0,161.0,1.0,2.0
72.0,147.0,138.0,34.0,131.0,148.0,1.0,2.0
84.0,152.0,131.0,39.0,115.0,152.0,1.0,2.0
86.0,155.0,132.0,40.0,115.0,155.0,1.0,2.0
81.0,153.0,128.0,41.0,120.0,153.0,1.0,2.0
77.0,147.0,122.0,41.0,121.0,147.0,1.0,2.0
84.0,155.0,131.0,40.0,118.0,155.0,1.0,2.0
77.0,138.0,114.0,42.0,111.0,138.0,1.0,2.0
82.0,147.0,123.0,41.0,113.0,147.0,1.0,2.0
73.0,140.0,112.0,43.0,122.0,140.0,1.0,2.0
77.0,143.0,118.0,41.0,117.0,143.0,1.0,2.0
81.0,137.0,115.0,42.0,105.0,137.0,1.0,2.0
73.0,137.0,112.0,42.0,121.0,137.0,1.0,2.0
76.0,143.0,118.0,41.0,119.0,143.0,1.0,2.0
80.0,139.0,118.0,41.0,111.0,139.0,1.0,2.0
80.5,152.0,129.0,40.0,120.0,152.0,1.0,2.0
79.5,141.0,117.0,42.0,113.0,141.0,1.0,2.0
80.0,138.5,116.0,42.0,107.0,138.5,1.0,2.0
77.0,155.0,129.0,40.0,130.0,155.0,1.0,2.0
83.0,147.0,124.0,41.0,113.0,147.0,1.0,2.0
71.0,142.0,110.5,43.0,127.0,142.0,1.0,2.0
77.0,139.0,113.0,42.0,114.0,139.0,1.0,2.0
79.0,142.0,117.0,42.0,112.0,142.0,1.0,2.0
75.0,137.0,110.0,43.0,115.0,137.0,1.0,2.0
74.0,131.0,107.0,43.0,110.5,131.0,1.0,2.0
76.0,143.0,116.0,42.0,120.0,143.0,1.0,2.0
75.5,144.0,114.0,43.0,121.0,144.0,1.0,2.0
90.0,154.0,134.0,39.0,108.0,154.0,1.0,2.0
84.0,150.0,126.0,41.0,111.0,150.0,1.0,2.0
78.0,144.0,119.0,42.0,118.0,144.0,1.0,2.0
76.0,145.0,118.0,42.0,121.0,145.0,1.0,2.0
83.0,148.0,125.0,41.0,112.0,148.0,1.0,2.0
74.0,145.0,118.0,42.0,125.0,145.0,1.0,2.0
75.0,148.0,117.0,42.0,126.0,148.0,1.0,2.0
75.0,142.0,113.0,43.0,120.0,142.0,1.0,2.0
75.0,139.0,114.0,42.0,117.0,139.0,1.0,2.0
79.0,147.0,120.0,42.0,119.0,147.0,1.0,2.0
85.0,164.0,132.0,42.0,123.0,164.0,1.0,2.0
75.0,149.0,118.0,42.0,127.0,149.0,1.0,2.0
85.0,156.0,127.0,42.0,116.0,156.0,1.0,2.0
80.5,148.0,119.0,43.0,116.0,148.0,1.0,2.0
69.5,144.0,112.0,43.0,132.0,144.0,1.0,2.0
77.0,148.0,118.0,43.0,124.0,148.0,1.0,2.0
77.0,140.0,110.0,44.0,115.0,140.0,1.0,2.0
75.0,147.0,117.0,42.0,125.0,147.0,1.0,2.0
73.0,149.5,116.5,43.0,131.0,149.5,1.0,2.0
77.0,156.0,124.0,42.0,129.0,156.0,1.0,2.0
87.0,156.0,127.5,43.0,113.0,156.0,1.0,2.0
78.0,141.0,119.0,41.0,114.0,141.0,1.0,2.0
80.5,144.0,122.0,40.0,112.0,144.0,1.0,2.0
80.0,145.0,121.0,41.0,114.0,145.0,1.0,2.0
79.0,141.0,119.0,41.0,113.0,141.0,1.0,2.0
76.0,139.0,117.0,41.0,115.0,139.0,1.0,2.0
87.0,149.0,127.0,41.0,107.0,149.0,1.0,2.0
77.0,145.0,124.0,40.0,120.0,145.0,1.0,2.0
75.0,133.0,114.0,40.0,111.0,133.0,1.0,2.0
80.0,139.0,120.0,40.0,108.0,139.0,1.0,2.0
75.0,132.0,112.0,40.0,112.0,132.0,1.0,2.0
81.0,141.0,118.0,41.0,109.0,141.0,1.0,2.0
73.5,142.0,116.0,41.0,123.0,142.0,1.0,2.0
75.0,141.0,116.0,41.0,119.0,141.0,1.0,2.0
74.0,136.0,111.0,42.0,117.0,136.0,1.0,2.0
76.0,139.0,116.0,41.0,116.0,139.0,1.0,2.0
76.0,145.0,120.0,41.0,123.0,145.0,1.0,2.0
72.0,143.0,115.0,42.0,127.0,143.0,1.0,2.0
75.0,150.0,125.0,40.0,127.0,150.0,1.0,2.0
72.0,156.0,134.0,38.0,139.0,156.0,1.0,2.0
74.0,142.0,114.0,42.0,123.0,142.0,1.0,2.0
79.0,140.0,116.0,42.0,111.0,140.0,1.0,2.0
78.0,151.0,124.0,41.0,125.5,151.0,1.0,2.0
88.0,159.0,134.0,41.0,115.0,159.0,1.0,2.0
81.0,152.0,125.0,41.0,120.0,152.0,1.0,2.0
89.0,168.0,142.0,40.0,120.0,168.0,1.0,2.0
81.0,153.0,126.0,41.0,122.0,153.0,1.0,2.0
83.0,152.0,123.0,43.0,117.0,152.0,1.0,2.0
85.0,155.0,128.0,42.0,116.0,155.0,1.0,2.0
84.0,154.0,126.0,42.0,117.0,154.0,1.0,2.0
82.0,141.0,118.0,42.0,108.0,141.0,1.0,2.0
84.0,152.0,131.0,39.0,115.0,152.0,1.0,2.0
78.0,142.0,118.0,41.0,116.0,142.0,1.0,2.0
80.0,152.0,125.0,42.0,120.0,152.0,1.0,2.0
78.0,140.0,121.0,39.0,111.0,140.0,1.0,2.0
79.0,145.0,117.0,42.0,116.0,145.0,1.0,2.0
76.0,145.0,120.0,41.0,122.0,145.0,1.0,2.0
75.0,149.0,138.0,35.0,127.0,149.0,1.0,2.0
78.0,153.0,121.0,43.0,126.0,153.0,1.0,2.0
83.0,157.0,124.0,43.0,120.0,157.0,1.0,2.0
79.0,162.0,130.0,42.0,132.0,162.0,1.0,2.0
85.0,161.0,127.0,43.0,120.0,161.0,1.0,2.0
87.0,170.0,136.0,42.0,125.0,170.0,1.0,2.0
84.0,157.0,124.0,43.0,120.0,157.0,1.0,2.0
76.0,163.0,133.0,41.0,138.0,163.0,1.0,2.0
81.0,156.0,122.0,43.0,123.0,156.0,1.0,2.0
79.0,148.0,115.0,45.0,120.0,148.0,1.0,2.0
94.0,173.0,140.0,42.0,115.0,173.0,1.0,2.0
91.0,168.0,141.0,41.0,116.0,168.0,1.0,2.0
85.0,154.0,123.0,43.0,115.0,154.0,1.0,2.0
88.0,156.0,126.0,43.0,111.0,156.0,1.0,2.0
85.0,151.0,127.0,41.0,112.0,151.0,1.0,2.0
92.0,156.0,127.0,43.0,104.0,156.0,1.0,2.0
88.0,156.0,129.0,42.0,111.0,156.0,1.0,2.0
54.0,105.0,98.0,34.0,125.0,106.0,1.0,2.0
81.0,147.0,116.0,44.0,116.0,147.0,1.0,2.0
95.0,166.0,136.0,43.0,109.0,166.0,1.0,2.0
80.0,146.0,114.0,44.0,115.0,146.0,1.0,2.0
84.0,161.0,129.0,42.0,123.0,161.0,1.0,2.0
93.0,169.0,136.0,43.0,114.0,169.0,1.0,2.0
86.0,160.0,128.0,43.0,119.0,160.0,1.0,2.0
91.0,164.0,133.0,43.0,113.0,164.0,1.0,2.0
86.0,158.0,132.0,41.0,115.0,158.0,1.0,2.0
85.5,161.0,130.0,42.0,120.0,161.0,1.0,2.0
93.0,161.0,135.0,41.0,108.0,161.0,1.0,2.0
88.0,158.0,129.0,43.0,113.0,158.0,1.0,2.0
99.0,176.0,148.0,41.0,112.0,176.0,1.0,2.0
92.0,170.0,140.0,42.0,117.0,170.0,1.0,2.0
89.0,170.0,141.0,41.0,123.0,170.0,1.0,2.0
95.0,162.0,135.0,41.0,107.0,162.0,1.0,2.0
105.0,182.0,156.0,40.0,110.0,182.0,1.0,2.0
97.0,170.0,144.0,40.0,111.0,170.0,1.0,2.0
93.0,176.0,146.0,41.0,121.0,176.0,1.0,2.0
81.0,162.0,134.0,40.0,127.0,162.0,1.0,2.0
87.0,161.0,128.0,43.0,118.0,161.0,1.0,2.0
96.0,166.0,137.0,42.0,109.0,166.0,1.0,2.0
94.0,165.0,134.0,43.0,109.0,165.0,1.0,2.0
86.0,155.0,124.0,43.0,113.0,155.0,1.0,2.0
91.0,158.0,129.0,43.0,110.0,158.0,1.0,2.0
84.0,156.0,124.0,43.0,118.0,156.0,1.0,2.0
88.0,160.0,132.0,42.0,115.0,160.0,1.0,2.0
90.0,167.0,138.0,42.0,118.0,167.0,1.0,2.0
91.0,164.0,133.0,43.0,115.0,164.0,1.0,2.0
89.0,164.0,137.0,41.0,118.0,164.0,1.0,2.0
88.0,156.0,126.0,43.0,111.0,156.0,1.0,2.0
83.5,159.0,129.0,42.0,121.0,159.0,1.0,2.0
88.0,169.0,140.0,41.0,121.0,169.0,1.0,2.0
91.0,162.0,132.0,43.0,113.0,162.0,1.0,2.0
83.0,156.0,127.5,41.0,120.0,156.0,1.0,2.0
88.0,159.0,131.0,42.0,112.0,159.0,1.0,2.0
90.0,163.0,130.0,44.0,113.0,163.0,1.0,2.0
86.0,165.0,138.0,40.0,124.0,165.0,1.0,2.0
87.0,161.0,131.0,43.0,117.5,161.0,1.0,2.0
93.0,163.0,132.0,43.0,110.0,163.0,1.0,2.0
88.0,162.0,131.0,43.0,115.0,162.0,1.0,2.0
101.0,165.0,137.0,44.0,99.0,165.0,1.0,2.0
77.0,144.0,113.0,44.0,118.0,144.0,1.0,2.0
77.0,146.0,114.0,44.0,121.0,146.0,1.0,2.0
81.0,163.0,127.0,43.0,128.0,163.0,1.0,2.0
88.0,164.0,131.0,43.0,119.0,164.0,1.0,2.0
93.0,172.0,140.0,42.0,117.0,172.0,1.0,2.0
84.0,165.0,129.0,43.0,125.0,165.0,1.0,2.0
83.0,162.0,128.0,43.0,124.0,162.0,1.0,2.0
80.0,160.0,127.5,42.0,128.0,160.0,1.0,2.0
81.5,157.0,123.0,43.0,124.0,157.0,1.0,2.0
90.0,171.0,138.0,42.0,121.0,171.0,1.0,2.0
89.0,173.0,139.0,42.0,123.0,173.0,1.0,2.0
89.0,146.0,115.0,46.0,99.0,146.0,1.0,2.0
92.0,156.0,127.0,43.0,106.0,156.0,1.0,2.0
98.0,154.0,123.0,46.0,93.0,154.0,1.0,2.0
88.0,148.0,117.0,46.0,104.0,148.0,1.0,2.0
92.0,151.0,120.0,46.0,99.0,151.0,1.0,2.0
90.0,156.0,136.0,39.0,109.0,156.0,1.0,2.0
81.0,148.0,126.0,40.0,115.0,148.0,1.0,2.0
86.0,149.0,124.0,42.0,107.0,149.0,1.0,2.0
80.0,156.5,129.0,41.0,125.0,156.5,1.0,2.0
85.0,156.0,132.0,40.0,116.0,156.0,1.0,2.0
85.0,163.0,138.5,39.0,123.0,163.0,1.0,2.0
82.0,148.0,125.0,41.0,113.5,148.0,1.0,2.0
83.0,155.0,129.0,41.0,118.0,155.0,1.0,2.0
84.0,155.0,133.0,40.0,118.0,155.0,1.0,2.0
73.0,136.0,115.0,40.0,119.0,136.0,1.0,2.0
83.0,162.0,138.0,40.0,125.0,162.0,1.0,2.0
75.0,149.0,120.0,42.0,127.0,149.0,1.0,2.0
77.0,144.0,123.0,40.0,118.0,144.0,1.0,2.0
84.0,156.0,126.0,43.0,117.0,156.0,1.0,2.0
95.0,156.0,129.0,43.0,101.0,156.0,1.0,2.0
82.0,154.0,122.0,43.0,120.0,154.0,1.0,2.0
90.0,165.0,135.0,42.0,116.0,165.0,1.0,2.0
81.0,150.0,122.0,43.0,117.0,150.0,1.0,2.0
85.0,149.0,122.0,43.0,110.0,149.0,1.0,2.0
92.0,160.0,129.0,43.0,110.0,160.0,1.0,2.0
80.0,161.0,129.0,42.0,129.0,161.0,1.0,2.0
85.0,159.0,127.0,43.0,119.0,159.0,1.0,2.0
86.0,150.0,121.0,44.0,108.0,150.0,1.0,2.0
93.0,160.0,130.0,44.0,106.0,160.0,1.0,2.0
55.0,113.0,97.0,41.0,131.0,113.0,1.0,2.0
88.0,158.0,129.0,42.0,113.0,158.0,1.0,2.0
85.0,155.0,122.0,44.0,115.5,155.0,1.0,2.0
86.0,159.0,125.0,44.0,117.0,159.0,1.0,2.0
71.0,153.0,116.0,44.0,138.0,153.0,1.0,2.0
87.0,154.0,122.0,44.0,111.0,154.0,1.0,2.0
87.0,161.0,131.0,42.0,118.0,161.0,1.0,2.0
82.0,150.0,114.0,46.0,117.0,150.0,1.0,2.0
83.0,155.0,124.0,43.0,118.0,155.0,1.0,2.0
81.0,148.0,112.0,46.0,116.0,148.0,1.0,2.0
85.0,157.0,122.0,44.0,117.0,157.0,1.0,2.0
84.0,154.0,122.5,44.0,117.0,154.0,1.0,2.0
78.0,158.0,125.0,43.0,131.0,158.0,1.0,2.0
90.0,156.0,127.0,43.0,109.0,156.0,1.0,2.0
79.0,157.5,122.0,44.0,127.0,157.5,1.0,2.0
98.0,165.0,135.0,44.0,103.0,165.0,1.0,2.0
89.0,154.0,120.0,45.0,108.0,154.0,1.0,2.0
93.0,166.0,129.0,45.0,112.0,166.0,1.0,2.0
94.0,155.0,125.0,45.0,101.0,155.0,1.0,2.0
93.0,152.0,124.0,44.0,100.0,152.0,1.0,2.0
84.0,155.0,121.0,44.0,115.0,155.0,1.0,2.0
83.0,150.5,119.0,44.0,115.0,150.5,1.0,2.0
78.0,133.0,105.0,45.0,106.0,133.0,1.0,2.0
81.0,145.0,114.0,44.0,113.0,145.0,1.0,2.0
98.0,166.0,134.0,44.0,106.0,166.0,1.0,2.0
82.0,146.0,116.0,43.0,110.0,146.0,1.0,2.0
93.0,158.0,127.0,44.0,104.0,158.0,1.0,2.0
102.0,175.0,159.0,38.0,106.0,175.0,1.0,2.0
91.0,160.0,127.0,44.0,110.0,160.0,1.0,2.0
86.0,157.0,123.0,44.0,115.0,157.0,1.0,2.0
70.0,141.5,109.0,43.0,129.0,141.5,1.0,2.0
94.0,159.0,126.0,46.0,103.0,159.0,1.0,2.0
78.0,141.0,116.0,42.0,114.0,141.0,1.0,2.0
86.0,163.0,127.0,44.0,121.0,163.0,1.0,2.0
77.0,145.0,111.0,45.0,120.0,145.0,1.0,2.0
87.0,156.0,122.0,45.0,112.0,156.0,1.0,2.0
80.0,155.5,140.0,36.0,122.0,155.5,1.0,2.0
84.0,165.0,147.0,37.0,125.0,165.0,1.0,2.0
89.0,171.0,158.0,35.0,123.0,171.0,1.0,2.0
89.0,167.0,154.5,35.0,119.0,167.0,1.0,2.0
79.0,151.0,137.0,35.0,122.0,151.0,1.0,2.0
86.0,158.0,142.5,36.0,117.5,158.0,1.0,2.0
91.0,170.0,147.0,38.0,118.0,170.0,1.0,2.0
77.0,152.0,129.0,39.0,126.0,152.0,1.0,2.0
82.0,155.0,133.5,39.0,121.0,155.0,1.0,2.0
80.0,152.0,137.0,36.0,121.0,152.0,1.0,2.0
78.0,152.0,135.0,37.0,124.0,152.0,1.0,2.0
79.0,153.0,135.0,37.0,122.0,153.0,1.0,2.0
85.0,162.0,145.0,36.0,121.0,162.0,1.0,2.0
91.0,169.0,147.0,39.0,118.0,169.0,1.0,2.0
88.0,168.0,150.0,37.0,122.0,168.0,1.0,2.0
86.0,162.0,143.5,38.0,119.0,162.0,1.0,2.0
104.0,185.0,173.0,34.0,111.0,185.0,1.0,2.0
82.0,162.0,144.0,37.0,127.0,162.0,1.0,2.0
96.0,179.0,169.0,34.0,118.0,179.0,1.0,2.0
87.0,166.0,147.0,38.0,121.0,166.0,1.0,2.0
102.0,183.0,175.0,33.5,114.0,183.0,1.0,2.0
76.0,148.0,127.0,39.0,124.0,148.0,1.0,2.0
84.0,158.0,136.0,39.0,120.0,158.0,1.0,2.0
83.0,154.0,129.0,41.0,118.0,154.0,1.0,2.0
73.0,128.0,128.0,29.0,112.0,131.0,1.0,2.0
90.5,166.0,144.0,39.0,115.0,166.0,1.0,2.0
92.0,172.0,156.0,35.0,119.0,172.0,1.0,2.0
47.0,98.0,77.0,43.0,132.0,98.0,1.0,2.0
69.0,129.0,90.0,50.0,116.0,129.0,1.0,2.0
69.0,126.0,86.0,50.0,114.0,126.0,1.0,2.0
75.0,132.0,94.0,50.0,110.0,132.0,1.0,2.0
74.5,133.0,94.0,49.0,113.0,133.0,1.0,2.0
71.0,131.0,95.0,48.0,118.0,131.0,1.0,2.0
69.0,123.0,89.0,49.0,113.0,123.0,1.0,2.0
83.0,143.0,107.0,48.0,108.0,143.0,1.0,2.0
71.0,134.0,95.0,49.0,121.0,134.0,1.0,2.0
77.0,134.0,95.0,50.0,109.0,134.0,1.0,2.0
68.0,124.0,90.5,48.0,117.0,124.0,1.0,2.0
72.0,129.5,93.0,49.0,113.0,129.5,1.0,2.0
75.0,135.0,96.0,49.0,114.5,135.0,1.0,2.0
75.0,138.0,100.0,49.0,116.0,138.0,1.0,2.0
68.0,126.0,89.0,49.0,117.0,126.0,1.0,2.0
80.0,139.0,98.0,50.0,107.0,139.0,1.0,2.0
62.0,117.0,82.0,49.0,119.0,117.0,1.0,2.0
56.0,110.0,80.0,47.0,126.0,110.0,1.0,2.0
74.0,136.0,110.0,42.0,116.0,136.0,1.0,2.0
73.0,133.0,111.0,41.0,115.0,133.0,1.0,2.0
63.0,125.0,98.5,43.0,126.0,125.0,1.0,2.0
73.0,134.0,116.0,39.0,114.0,134.0,1.0,2.0
72.0,129.0,109.0,41.0,113.0,129.0,1.0,2.0
67.0,138.0,115.0,40.0,131.0,138.0,1.0,2.0
73.0,135.0,112.0,41.0,117.0,135.0,1.0,2.0
73.0,132.0,113.0,40.0,115.0,132.0,1.0,2.0
71.0,132.0,108.0,42.0,117.0,132.0,1.0,2.0
69.0,122.5,107.0,39.0,110.0,123.0,1.0,2.0
57.0,127.0,89.0,46.0,140.0,127.0,1.0,2.0
52.0,110.0,77.0,47.0,135.0,110.0,1.0,2.0
54.0,126.0,90.0,45.0,143.0,126.0,1.0,2.0
53.0,121.0,88.0,45.0,143.0,121.0,1.0,2.0
57.0,120.0,92.0,43.0,135.0,120.0,1.0,2.0
60.0,127.0,96.0,44.0,137.0,127.0,1.0,2.0
56.0,122.0,95.0,44.0,138.0,123.0,1.0,2.0
53.0,119.0,85.0,46.0,137.0,119.0,1.0,2.0
56.0,123.0,88.0,45.0,136.0,123.0,1.0,2.0
63.0,136.0,105.0,43.0,136.0,136.0,1.0,2.0
58.0,126.0,92.0,45.0,137.0,126.0,1.0,2.0
54.0,128.0,94.0,44.0,147.0,128.0,1.0,2.0
58.0,127.0,89.0,47.0,139.0,127.0,1.0,2.0
53.0,120.0,91.0,44.0,143.0,121.0,1.0,2.0
67.0,133.0,102.0,44.0,126.0,133.0,1.0,2.0
66.0,127.0,97.0,45.0,123.0,127.0,1.0,2.0
53.0,127.0,87.0,47.0,148.0,127.0,1.0,2.0
61.5,147.0,110.0,43.0,148.0,147.0,1.0,2.0
61.0,139.0,107.0,43.0,143.0,139.0,1.0,2.0
59.0,147.0,114.0,41.0,150.0,147.0,1.0,2.0
57.0,143.0,106.5,43.0,153.0,143.0,1.0,2.0
55.0,142.0,108.0,42.0,157.0,142.0,1.0,2.0
53.0,136.0,101.0,43.0,157.0,136.0,1.0,2.0
50.0,119.0,87.0,44.0,144.0,119.0,1.0,2.0
58.0,128.0,93.0,45.0,138.0,128.0,1.0,2.0
55.0,119.0,87.0,45.0,133.0,119.0,1.0,2.0
55.0,124.0,90.0,45.0,142.0,124.0,1.0,2.0
59.0,133.0,101.0,42.0,140.5,133.0,1.0,2.0
58.0,130.0,100.0,42.0,139.5,130.0,1.0,2.0
54.0,120.0,94.0,42.0,137.0,120.0,1.0,2.0
56.0,123.0,88.0,45.0,138.0,123.0,1.0,2.0
53.0,118.0,93.0,43.0,140.0,119.0,1.0,2.0
56.0,123.0,88.0,46.0,138.0,123.0,1.0,2.0
60.0,131.0,100.0,43.0,138.0,131.0,1.0,2.0
54.0,125.0,92.0,44.0,143.0,125.0,1.0,2.0
56.0,120.0,88.0,45.0,138.0,120.0,1.0,2.0
65.0,135.0,102.0,45.0,129.0,135.0,1.0,2.0
56.0,125.0,89.0,46.0,141.0,125.0,1.0,2.0
67.0,143.0,106.0,45.0,138.0,143.0,1.0,2.0
55.0,120.0,86.0,45.0,138.0,120.0,1.0,2.0
53.0,123.0,91.5,43.0,146.0,123.0,1.0,2.0
54.0,117.0,90.0,43.0,137.0,117.0,1.0,2.0
66.0,129.0,98.0,45.0,124.0,129.0,1.0,2.0
52.0,113.0,90.0,43.0,140.0,117.0,1.0,2.0
59.0,130.0,99.0,44.0,138.0,130.0,1.0,2.0
56.0,123.0,92.0,43.0,139.0,123.0,1.0,2.0
71.0,132.0,109.0,41.0,117.0,132.0,1.0,2.0
74.0,141.0,120.0,40.0,123.0,141.0,1.0,2.0
75.0,130.0,113.0,40.0,109.0,130.0,1.0,2.0
75.0,137.0,113.0,41.0,116.0,137.0,1.0,2.0
71.0,127.0,103.0,43.0,112.0,127.0,1.0,2.0
43.0,131.0,105.0,39.0,171.0,131.0,1.0,2.0
43.0,130.0,106.0,38.0,170.0,130.0,1.0,2.0
42.0,130.0,106.0,38.0,173.0,130.0,1.0,2.0
39.0,118.0,94.0,39.0,170.0,118.0,1.0,2.0
77.0,159.0,129.0,41.0,132.0,159.0,1.0,2.0
93.0,161.0,135.0,41.0,107.0,161.0,1.0,2.0
72.0,145.0,110.0,44.0,128.0,145.0,1.0,2.0
90.0,160.0,135.0,40.0,113.0,160.0,1.0,2.0
93.0,161.0,135.0,42.0,109.0,161.0,1.0,2.0
89.0,160.0,134.0,41.0,114.0,160.0,1.0,2.0
83.0,147.0,128.0,39.0,112.0,147.0,1.0,2.0
82.0,159.0,123.0,44.0,123.0,159.0,1.0,2.0
95.5,164.0,139.0,41.0,107.0,164.0,1.0,2.0
80.0,154.0,116.0,45.0,123.0,154.0,1.0,2.0
71.0,151.0,109.0,46.0,134.0,151.0,1.0,2.0
88.0,156.0,133.0,40.0,112.0,156.0,1.0,2.0
83.0,155.0,129.0,41.0,118.0,155.0,1.0,2.0
89.0,159.0,135.5,40.0,112.0,159.0,1.0,2.0
84.0,155.0,119.0,45.0,117.0,155.0,1.0,2.0
92.0,164.0,143.0,39.0,113.0,164.0,1.0,2.0
88.0,165.0,138.0,40.0,120.0,165.0,1.0,2.0
87.0,151.0,132.5,39.0,107.5,151.0,1.0,2.0
90.0,155.0,136.0,39.0,108.0,155.0,1.0,2.0
86.0,153.0,132.0,39.0,112.0,153.0,1.0,2.0
91.0,164.0,129.0,44.0,115.0,164.0,1.0,2.0
70.0,134.0,118.0,38.0,122.0,135.0,1.0,2.0
70.0,150.0,109.0,45.0,136.0,150.0,1.0,2.0
93.0,167.0,140.0,41.0,114.0,167.0,1.0,2.0
89.0,159.0,134.0,41.0,112.0,159.0,1.0,2.0
88.0,152.0,131.5,39.0,108.0,152.0,1.0,2.0
90.0,156.0,133.0,40.0,107.0,156.0,1.0,2.0
70.0,155.0,114.0,45.0,139.0,155.0,1.0,2.0
93.0,167.0,142.0,40.0,114.0,167.0,1.0,2.0
91.5,161.0,141.0,39.0,111.0,161.0,1.0,2.0
84.5,163.0,121.0,46.0,123.0,163.0,1.0,2.0
81.0,147.0,129.0,39.0,116.0,148.0,1.0,2.0
90.0,155.0,132.0,41.0,107.0,155.0,1.0,2.0
92.0,162.0,139.5,39.0,111.0,162.0,1.0,2.0
83.0,153.0,119.0,45.0,119.0,153.0,1.0,2.0
97.0,167.0,143.0,40.0,108.0,167.0,1.0,2.0
83.0,159.0,135.0,39.0,121.0,159.0,1.0,2.0
93.0,162.0,140.0,40.0,109.0,162.0,1.0,2.0
80.0,155.0,132.0,39.0,125.0,155.0,1.0,2.0
90.0,154.0,133.0,40.0,106.0,154.0,1.0,2.0
79.0,147.5,132.0,38.0,119.0,147.5,1.0,2.0
90.0,158.0,136.0,40.0,111.0,158.0,1.0,2.0
85.5,154.0,134.0,39.0,113.0,154.0,1.0,2.0
86.0,153.0,133.0,39.0,112.0,153.0,1.0,2.0
90.0,153.5,139.0,37.0,104.0,153.5,1.0,2.0
88.0,155.5,136.0,39.0,110.0,155.5,1.0,2.0
89.0,158.0,136.0,39.0,112.0,158.0,1.0,2.0
88.0,158.0,139.0,38.0,114.0,158.0,1.0,2.0
86.0,149.0,129.0,40.0,109.5,149.0,1.0,2.0
83.5,146.0,134.0,36.0,110.0,146.0,1.0,2.0
85.0,148.0,139.0,36.0,111.0,150.0,1.0,2.0
92.0,157.5,140.0,38.0,107.0,157.5,1.0,2.0
85.0,154.0,133.0,39.0,114.0,154.0,1.0,2.0
84.0,152.0,140.0,36.0,113.0,153.5,1.0,2.0
90.0,159.0,135.0,40.0,111.0,159.0,1.0,2.0
86.5,159.0,144.0,37.0,116.0,159.0,1.0,2.0
93.0,162.0,146.0,37.0,110.0,162.0,1.0,2.0
85.0,156.0,136.0,38.0,116.0,156.0,1.0,2.0
86.0,156.0,133.0,40.0,114.0,156.0,1.0,2.0
81.0,147.0,130.0,37.0,115.0,147.0,1.0,2.0
89.0,160.0,139.0,39.0,112.0,160.0,1.0,2.0
78.0,150.0,142.0,34.0,124.0,150.5,1.0,2.0
86.5,153.0,135.0,38.0,111.0,153.0,1.0,2.0
83.0,159.0,135.0,39.0,122.0,159.0,1.0,2.0
90.5,161.0,139.0,39.0,111.0,161.0,1.0,2.0
95.0,165.0,143.0,40.0,108.0,165.0,1.0,2.0
88.0,162.0,145.0,37.0,117.0,162.0,1.0,2.0
84.0,152.0,129.0,41.0,113.5,152.0,1.0,2.0
76.0,143.0,116.0,42.0,119.0,143.0,1.0,2.0
76.0,146.0,120.0,41.0,121.0,146.0,1.0,2.0
79.0,147.0,120.0,42.0,118.0,147.0,1.0,2.0
75.0,138.0,126.0,38.0,121.0,143.0,1.0,2.0
72.0,133.0,109.0,42.0,117.0,133.0,1.0,2.0
80.0,150.0,140.0,36.0,122.0,153.0,1.0,2.0
82.0,150.0,121.0,43.0,116.0,150.0,1.0,2.0
80.0,139.0,114.0,43.0,108.0,139.0,1.0,2.0
86.5,145.0,124.0,41.0,102.5,145.0,1.0,2.0
72.0,138.0,114.0,41.0,123.0,138.0,1.0,2.0
85.0,150.0,126.5,41.0,111.0,150.0,1.0,2.0
84.0,149.0,126.0,40.0,112.0,149.0,1.0,2.0
86.0,154.0,127.0,42.0,112.0,154.0,1.0,2.0
89.0,148.0,128.0,40.0,103.0,148.0,1.0,2.0
79.0,147.0,125.0,41.0,120.0,147.0,1.0,2.0
77.0,138.0,115.0,41.0,111.0,138.0,1.0,2.0
85.0,149.0,127.0,41.0,110.0,149.0,1.0,2.0
83.0,144.0,127.0,38.0,109.0,144.0,1.0,2.0
75.0,136.0,110.0,42.0,116.0,136.0,1.0,2.0
82.0,145.0,122.0,41.0,111.0,145.0,1.0,2.0
83.0,150.0,127.0,40.0,114.0,150.0,1.0,2.0
92.0,148.0,125.0,42.0,98.0,148.0,1.0,2.0
91.0,159.0,135.0,41.0,108.0,159.0,1.0,2.0
88.0,153.0,131.0,40.0,107.0,153.0,1.0,2.0
90.0,157.0,139.5,39.0,110.0,158.0,1.0,2.0
85.0,147.0,122.0,42.0,109.0,147.0,1.0,2.0
78.0,141.5,116.0,42.0,116.0,141.5,1.0,2.0
91.0,154.0,131.0,41.0,104.0,154.0,1.0,2.0
84.0,155.0,129.0,41.0,117.0,155.0,1.0,2.0
84.0,163.0,138.0,39.0,126.0,163.0,1.0,2.0
81.0,151.0,122.0,42.0,118.0,151.0,1.0,2.0
85.0,153.0,124.0,43.0,114.0,153.0,1.0,2.0
83.0,145.0,125.0,40.0,109.5,145.0,1.0,2.0
90.0,153.0,130.5,41.0,106.0,153.0,1.0,2.0
75.0,151.0,121.0,42.0,128.0,151.0,1.0,2.0
76.0,148.0,124.0,40.0,124.0,148.0,1.0,2.0
87.0,151.0,125.0,42.0,109.0,151.0,1.0,2.0
85.0,152.0,127.0,41.0,113.0,152.0,1.0,2.0
83.0,148.0,126.5,41.0,112.0,148.0,1.0,2.0
80.0,145.0,117.0,43.0,114.0,145.0,1.0,2.0
89.0,152.0,125.0,43.0,107.0,152.0,1.0,2.0
84.0,150.0,131.0,39.0,114.0,150.0,1.0,2.0
89.0,157.0,134.0,40.0,110.5,157.0,1.0,2.0
93.0,157.0,136.0,40.5,104.0,157.0,1.0,2.0
90.0,158.0,131.0,42.0,110.0,158.0,1.0,2.0
86.0,151.0,124.0,42.0,110.0,151.0,1.0,2.0
82.0,147.0,128.0,39.0,113.0,147.0,1.0,2.0
87.0,153.0,130.0,40.0,110.0,153.0,1.0,2.0
85.0,150.5,133.0,38.0,112.5,150.5,1.0,2.0
87.0,154.0,134.0,39.0,110.0,154.0,1.0,2.0
88.0,149.0,131.0,39.0,105.0,149.0,1.0,2.0
74.0,144.0,130.0,36.0,125.0,144.0,1.0,2.0
86.0,146.0,127.0,39.0,107.0,146.0,1.0,2.0
93.0,154.0,134.0,40.0,102.0,154.0,1.0,2.0
63.5,139.0,104.0,44.0,140.0,139.0,1.0,2.0
58.0,131.0,98.0,44.0,142.0,131.0,1.0,2.0
60.0,135.0,98.0,45.0,140.0,135.0,1.0,2.0
58.0,130.0,95.0,44.0,141.0,130.0,1.0,2.0
60.0,135.0,103.0,43.0,142.0,135.0,1.0,2.0
59.0,137.0,105.0,43.0,144.0,137.0,1.0,2.0
53.0,130.0,95.0,44.0,150.0,130.0,1.0,2.0
61.0,134.0,98.0,45.0,138.0,134.0,1.0,2.0
62.0,138.0,102.0,44.0,140.0,138.0,1.0,2.0
62.0,137.0,104.0,43.0,140.0,137.0,1.0,2.0
66.0,136.0,101.5,45.0,133.0,136.0,1.0,2.0
57.5,126.0,94.0,44.0,138.0,126.0,1.0,2.0
59.0,134.0,99.0,44.0,143.0,134.0,1.0,2.0
64.0,137.0,99.0,45.0,136.0,137.0,1.0,2.0
59.0,137.0,100.0,44.0,145.0,137.0,1.0,2.0
60.0,132.0,96.0,45.0,138.0,132.0,1.0,2.0
59.0,132.0,100.0,44.0,141.5,132.0,1.0,2.0
59.0,130.0,96.0,45.0,140.0,130.0,1.0,2.0
60.0,135.0,100.0,44.0,140.0,135.0,1.0,2.0
62.0,138.0,100.0,45.0,140.0,138.0,1.0,2.0
63.0,134.0,99.0,45.0,136.0,134.0,1.0,2.0
58.0,129.0,95.5,45.0,140.0,129.0,1.0,2.0
59.0,133.0,94.0,46.0,141.0,133.0,1.0,2.0
58.0,131.0,95.0,46.0,142.0,131.0,1.0,2.0
58.0,132.5,99.0,44.0,143.0,132.5,1.0,2.0
65.0,140.0,106.0,44.0,136.0,140.0,1.0,2.0
57.0,133.0,97.0,44.0,146.0,133.0,1.0,2.0
59.0,132.0,97.0,45.0,141.0,132.0,1.0,2.0
59.0,133.0,97.0,45.0,142.0,133.0,1.0,2.0
56.0,131.0,96.0,44.0,145.0,131.0,1.0,2.0
56.0,131.0,96.0,44.0,144.0,131.0,1.0,2.0
57.0,123.0,114.0,34.0,137.0,124.0,1.0,2.0
78.0,143.0,117.0,42.0,116.0,143.0,1.0,2.0
82.0,146.0,118.0,43.0,113.0,146.0,1.0,2.0
76.0,148.0,120.0,42.0,125.0,148.0,1.0,2.0
74.0,143.0,126.0,39.0,124.5,143.0,1.0,2.0
84.0,145.0,121.0,42.0,107.0,145.0,1.0,2.0
76.0,140.0,120.0,40.0,117.0,140.0,1.0,2.0
78.0,150.0,135.0,36.0,122.0,150.0,1.0,2.0
81.0,149.0,125.0,41.0,116.0,149.0,1.0,2.0
87.0,146.0,120.0,43.0,103.0,146.0,1.0,2.0
77.0,140.0,118.0,41.0,115.0,140.0,1.0,2.0
87.0,153.0,130.0,41.0,111.0,153.0,1.0,2.0
88.0,152.0,127.0,42.0,107.0,152.0,1.0,2.0
87.0,148.5,126.0,41.0,107.0,148.5,1.0,2.0
63.0,108.0,85.0,46.0,106.0,108.0,1.0,2.0
77.0,133.0,116.0,39.0,107.0,133.0,1.0,2.0
86.0,142.0,117.0,43.0,102.0,142.0,1.0,2.0
95.0,147.0,181.0,18.0,122.0,181.0,1.0,2.0
88.0,145.0,123.0,42.0,102.0,145.0,1.0,2.0
87.0,147.0,123.0,42.0,104.0,147.0,1.0,2.0
81.0,145.0,119.0,42.0,114.0,145.0,1.0,2.0
80.0,147.0,121.0,41.0,116.0,147.0,1.0,2.0
85.0,152.0,128.0,41.0,114.0,152.0,1.0,2.0
82.0,154.0,131.0,39.0,120.0,154.0,1.0,2.0
82.0,157.0,130.0,41.0,123.0,157.0,1.0,2.0
87.0,156.0,132.0,40.0,114.0,156.0,1.0,2.0
86.0,162.0,136.0,40.0,121.0,162.0,1.0,2.0
82.0,144.0,122.0,40.0,110.0,144.0,1.0,2.0
74.0,138.0,115.0,41.0,117.0,138.0,1.0,2.0
73.0,133.0,115.0,39.0,115.0,133.0,1.0,2.0
60.0,117.0,106.0,36.0,122.0,117.0,1.0,2.0
71.0,131.0,114.0,39.0,118.0,131.0,1.0,2.0
71.0,135.0,152.0,24.0,135.0,152.0,1.0,2.0
77.0,137.0,118.0,40.0,112.0,137.0,1.0,2.0
65.0,125.5,113.0,36.0,122.0,125.5,1.0,2.0
65.0,123.0,111.0,37.0,120.0,124.0,1.0,2.0
76.0,142.0,126.0,37.0,119.0,142.0,1.0,2.0
72.0,135.0,120.0,37.0,119.0,135.0,1.0,2.0
61.0,120.0,104.0,38.0,124.0,120.0,1.0,2.0
70.0,136.0,125.0,35.0,124.0,136.0,1.0,2.0
71.0,131.0,132.0,30.0,121.0,135.0,1.0,2.0
72.5,139.0,132.0,34.0,123.0,141.0,1.0,2.0
73.0,146.0,133.0,36.0,127.0,146.0,1.0,2.0
74.0,144.0,134.0,36.0,126.5,145.0,1.0,2.0
74.0,142.0,128.0,36.0,122.0,142.0,1.0,2.0
77.0,145.0,133.0,36.0,120.0,146.0,1.0,2.0
73.0,138.0,125.0,36.0,119.0,138.0,1.0,2.0
77.0,148.0,133.0,36.0,122.0,148.0,1.0,2.0
73.0,142.0,124.0,38.0,124.0,142.0,1.0,2.0
75.0,136.0,123.0,37.0,117.0,136.0,1.0,2.0
72.0,136.0,123.0,36.0,120.0,137.0,1.0,2.0
69.0,135.0,122.5,36.0,123.5,135.0,1.0,2.0
76.0,139.0,123.0,38.0,116.0,139.0,1.0,2.0
68.0,136.0,122.0,37.0,128.0,136.5,1.0,2.0
70.0,132.0,106.0,43.0,119.0,132.0,1.0,2.0
67.0,126.0,103.0,42.0,120.0,126.0,1.0,2.0
68.0,126.0,102.0,43.0,117.0,126.0,1.0,2.0
65.0,141.0,112.0,41.0,137.0,141.0,1.0,2.0
82.0,138.0,117.0,41.0,104.0,138.0,1.0,2.0
65.0,125.0,100.0,43.0,122.0,125.0,1.0,2.0
66.0,123.0,101.0,42.0,118.0,123.0,1.0,2.0
68.0,127.0,102.0,42.0,120.0,127.0,1.0,2.0
66.0,119.0,98.0,41.0,112.5,119.0,1.0,2.0
68.0,121.0,100.0,42.0,113.0,121.0,1.0,2.0
